genome_id,Amikacin,Cefepime,Fosfomycin,Piperacillin_Tazobactam
573.1381,0.0,1.0,,1.0
573.13816,0.0,1.0,,1.0
573.13817,0.0,1.0,,0.0
573.13818,0.0,1.0,,0.0
573.13819,0.0,1.0,,1.0
573.1382,0.0,1.0,,1.0
573.13821,0.0,1.0,,1.0
573.13823,0.0,1.0,,
573.13824,,,,0.0
573.13825,0.0,1.0,,
573.13826,0.0,1.0,,0.0
573.13827,0.0,1.0,,1.0
573.13828,0.0,1.0,,1.0
573.13829,,0.0,,1.0
573.1383,0.0,0.0,,1.0
573.13831,0.0,1.0,,1.0
573.13832,0.0,1.0,,0.0
573.13833,0.0,1.0,,0.0
573.13834,0.0,0.0,,1.0
573.13836,0.0,,,1.0
573.13838,,0.0,,
573.13839,0.0,1.0,,1.0
573.1384,,1.0,,1.0
573.13841,0.0,,,0.0
573.13842,0.0,1.0,,1.0
573.13843,0.0,1.0,,0.0
573.13844,0.0,0.0,,1.0
573.13845,0.0,0.0,,1.0
573.13846,0.0,1.0,,1.0
573.13847,0.0,1.0,,1.0
573.13848,0.0,1.0,,
573.13849,1.0,1.0,,1.0
573.1385,,1.0,,1.0
573.13851,0.0,,,1.0
573.13852,,1.0,,1.0
573.13853,0.0,0.0,,1.0
573.13854,0.0,,,1.0
573.13855,0.0,0.0,,1.0
573.13856,0.0,,,
573.13857,0.0,1.0,,0.0
573.13858,0.0,1.0,,1.0
573.13859,0.0,1.0,,
573.1386,0.0,,,0.0
573.13861,1.0,1.0,,1.0
573.13862,,,,1.0
573.13863,0.0,1.0,,1.0
573.13864,0.0,1.0,,1.0
573.13865,0.0,0.0,,1.0
573.13866,0.0,1.0,,1.0
573.13867,,1.0,,1.0
573.13868,0.0,0.0,,0.0
573.13869,0.0,1.0,,1.0
573.1387,0.0,1.0,,0.0
573.13871,0.0,,,0.0
573.13872,0.0,1.0,,1.0
573.13873,0.0,1.0,,1.0
573.13874,0.0,1.0,,0.0
573.13875,0.0,1.0,,0.0
573.13876,0.0,0.0,,0.0
573.13878,0.0,,,0.0
573.13879,0.0,1.0,,1.0
573.1388,0.0,1.0,,0.0
573.13881,0.0,1.0,,1.0
573.13882,0.0,1.0,,0.0
573.13883,0.0,,,1.0
573.13884,0.0,1.0,,0.0
573.13885,0.0,1.0,,0.0
573.13886,0.0,,,1.0
573.13887,0.0,1.0,,1.0
573.13888,0.0,,,0.0
573.13889,0.0,1.0,,0.0
573.1389,0.0,,,0.0
573.13891,0.0,0.0,,0.0
573.13892,0.0,1.0,,0.0
573.13893,,1.0,,1.0
573.13894,0.0,0.0,,1.0
573.13895,1.0,0.0,,0.0
573.13896,,,,1.0
573.13897,0.0,1.0,,1.0
573.13898,0.0,1.0,,1.0
573.13899,0.0,0.0,,0.0
573.13901,0.0,1.0,,0.0
573.13902,0.0,,,0.0
573.13903,0.0,1.0,,0.0
573.13904,,1.0,,1.0
573.13905,0.0,1.0,,1.0
573.13906,0.0,,,1.0
573.13907,0.0,1.0,,1.0
573.13908,0.0,1.0,,1.0
573.13909,0.0,1.0,,1.0
573.1391,0.0,,,0.0
573.13911,0.0,1.0,,1.0
573.13912,0.0,1.0,,1.0
573.13913,0.0,1.0,,1.0
573.13914,0.0,,,0.0
573.13915,0.0,,,1.0
573.13916,0.0,1.0,,1.0
573.13917,,1.0,,1.0
573.13918,0.0,1.0,,1.0
573.13919,0.0,1.0,,1.0
573.1392,,1.0,,1.0
573.13921,0.0,1.0,,1.0
573.13922,0.0,1.0,,1.0
573.13923,,1.0,,1.0
573.13924,0.0,1.0,,0.0
573.13925,0.0,,,1.0
573.13926,,1.0,,1.0
573.13927,0.0,1.0,,0.0
573.13928,0.0,0.0,,0.0
573.13929,0.0,1.0,,
573.1393,0.0,1.0,,1.0
573.13931,,1.0,,1.0
573.13932,0.0,1.0,,1.0
573.13933,,1.0,,
573.13934,0.0,1.0,,0.0
573.13935,0.0,1.0,,
573.13936,0.0,0.0,,0.0
573.13937,,1.0,,1.0
573.13938,0.0,1.0,,1.0
573.13939,,1.0,,1.0
573.1394,,,,1.0
573.13941,0.0,1.0,,1.0
573.13942,,,,1.0
573.13943,0.0,,,1.0
573.13944,0.0,0.0,,1.0
573.13945,0.0,1.0,,1.0
573.13947,0.0,0.0,,1.0
573.13948,,0.0,,1.0
573.13949,0.0,1.0,,0.0
573.1395,0.0,1.0,,
573.13951,,1.0,,1.0
573.13952,0.0,1.0,,1.0
573.13953,,1.0,,1.0
573.13954,0.0,0.0,,1.0
573.13955,0.0,,,1.0
573.13956,0.0,0.0,,1.0
573.13957,0.0,1.0,,1.0
573.13958,0.0,1.0,,1.0
573.13959,0.0,0.0,,
573.1396,,1.0,,1.0
573.13961,0.0,,,1.0
573.13962,0.0,0.0,,0.0
573.13963,0.0,,,1.0
573.13964,0.0,1.0,,1.0
573.13965,0.0,1.0,,1.0
573.13966,0.0,1.0,,0.0
573.13967,0.0,0.0,,
573.13969,0.0,1.0,,0.0
573.1397,0.0,1.0,,0.0
573.13971,0.0,1.0,,1.0
573.13972,0.0,1.0,,
573.13973,0.0,1.0,,1.0
573.13974,,,,1.0
573.13975,,1.0,,1.0
573.13976,0.0,1.0,,0.0
573.13977,,,,0.0
573.13978,,1.0,,1.0
573.13979,0.0,,,1.0
573.1398,0.0,0.0,,1.0
573.13981,,1.0,,1.0
573.13982,0.0,,,1.0
573.13983,0.0,,,1.0
573.13984,0.0,1.0,,
573.13985,0.0,1.0,,0.0
573.13986,,1.0,,1.0
573.13987,0.0,1.0,,1.0
573.13988,0.0,1.0,,1.0
573.13989,,1.0,,1.0
573.1399,0.0,,,1.0
573.13991,,1.0,,1.0
573.13992,0.0,,,0.0
573.13993,1.0,1.0,,1.0
573.13994,0.0,1.0,,
573.13995,0.0,1.0,,0.0
573.13996,0.0,1.0,,1.0
573.13997,,1.0,,1.0
573.13998,1.0,1.0,,1.0
573.13999,1.0,1.0,,1.0
573.14001,0.0,0.0,,1.0
573.14002,0.0,1.0,,1.0
573.14003,,,,0.0
573.14004,0.0,1.0,,1.0
573.14005,0.0,0.0,,1.0
573.14006,0.0,1.0,,1.0
573.14007,0.0,1.0,,
573.14008,0.0,1.0,,0.0
573.14009,0.0,0.0,,1.0
573.1401,0.0,1.0,,1.0
573.14011,0.0,,,1.0
573.14012,,0.0,,1.0
573.14013,0.0,0.0,,0.0
573.14014,0.0,1.0,,1.0
573.14015,0.0,,,0.0
573.14016,0.0,0.0,,1.0
573.14017,0.0,0.0,,1.0
573.14018,0.0,0.0,,1.0
573.14019,0.0,0.0,,1.0
573.1402,0.0,0.0,,1.0
573.14022,,1.0,,1.0
573.14023,,1.0,,1.0
573.14024,0.0,1.0,,0.0
573.14026,0.0,1.0,,0.0
573.14027,0.0,1.0,,0.0
573.14028,0.0,,,1.0
573.14029,0.0,0.0,,1.0
573.1403,0.0,1.0,,1.0
573.14031,,1.0,,1.0
573.14032,0.0,1.0,,1.0
573.14033,,,,1.0
573.14034,0.0,1.0,,1.0
573.14035,0.0,0.0,,1.0
573.14036,1.0,,,
573.14037,0.0,1.0,,1.0
573.14038,0.0,0.0,,1.0
573.14039,0.0,0.0,,1.0
573.1404,0.0,,,1.0
573.14041,0.0,1.0,,
573.14042,0.0,,,1.0
573.14043,0.0,1.0,,
573.14044,0.0,1.0,,1.0
573.14045,0.0,1.0,,0.0
573.14046,0.0,,,1.0
573.14047,0.0,1.0,,1.0
573.14048,0.0,1.0,,1.0
573.14049,,1.0,,1.0
573.1405,,1.0,,1.0
573.14051,0.0,1.0,,0.0
573.14052,,1.0,,1.0
573.14053,,1.0,,1.0
573.14054,0.0,,,1.0
573.14055,0.0,0.0,,0.0
573.14056,0.0,,,1.0
573.14057,0.0,1.0,,1.0
573.14058,1.0,1.0,,1.0
573.14059,0.0,1.0,,0.0
573.1406,1.0,1.0,,1.0
573.14061,0.0,1.0,,1.0
573.14062,0.0,1.0,,1.0
573.14063,0.0,,,1.0
573.14064,0.0,0.0,,1.0
573.14065,0.0,0.0,,1.0
573.14066,1.0,1.0,,1.0
573.14067,,1.0,,1.0
573.14068,0.0,0.0,,1.0
573.14069,0.0,0.0,,1.0
573.1407,0.0,,,0.0
573.14071,0.0,,,0.0
573.14072,0.0,1.0,,0.0
573.14073,0.0,0.0,,
573.14074,0.0,0.0,,1.0
573.14075,0.0,1.0,,1.0
573.14076,,1.0,,1.0
573.14077,0.0,,,1.0
573.14078,0.0,1.0,,1.0
573.14079,0.0,,,1.0
573.1408,0.0,1.0,,1.0
573.14081,1.0,1.0,,1.0
573.14082,0.0,1.0,,0.0
573.14083,0.0,1.0,,1.0
573.14084,,1.0,,1.0
573.14085,0.0,1.0,,1.0
573.14086,0.0,,,
573.14087,0.0,1.0,,1.0
573.14088,0.0,0.0,,1.0
573.14089,0.0,0.0,,1.0
573.1409,1.0,1.0,,1.0
573.14091,0.0,,,1.0
573.14092,0.0,1.0,,1.0
573.14093,0.0,0.0,,1.0
573.14094,0.0,1.0,,0.0
573.14095,0.0,1.0,,
573.14096,0.0,,,1.0
573.14097,,1.0,,1.0
573.14098,0.0,,,1.0
573.14099,0.0,0.0,,1.0
573.14101,0.0,1.0,,0.0
573.14102,0.0,1.0,,1.0
573.14103,0.0,1.0,,0.0
573.14104,0.0,1.0,,1.0
573.14105,,1.0,,1.0
573.14106,0.0,1.0,,1.0
573.14107,0.0,1.0,,1.0
573.14108,0.0,1.0,,0.0
573.14109,0.0,0.0,,1.0
573.1411,0.0,1.0,,1.0
573.14111,0.0,1.0,,1.0
573.14112,0.0,1.0,,0.0
573.14113,0.0,,,1.0
573.14114,1.0,1.0,,1.0
573.14115,1.0,1.0,,1.0
573.14116,0.0,1.0,,1.0
573.14117,0.0,1.0,,1.0
573.14118,,0.0,,1.0
573.14119,0.0,1.0,,0.0
573.1412,0.0,,,
573.14121,0.0,1.0,,0.0
573.14122,1.0,,,
573.14123,0.0,1.0,,1.0
573.14124,0.0,1.0,,1.0
573.14125,1.0,1.0,,1.0
573.14126,0.0,,,1.0
573.14127,0.0,1.0,,1.0
573.14128,0.0,1.0,,1.0
573.14129,0.0,1.0,,
573.1413,0.0,1.0,,1.0
573.14131,0.0,1.0,,0.0
573.14132,0.0,1.0,,1.0
573.14133,0.0,0.0,,1.0
573.14134,0.0,1.0,,0.0
573.14135,,,,1.0
573.14136,1.0,1.0,,1.0
573.14137,1.0,1.0,,1.0
573.14138,0.0,,,1.0
573.14139,1.0,1.0,,1.0
573.1414,0.0,,,0.0
573.14141,0.0,0.0,,0.0
573.14142,0.0,,,1.0
573.14143,0.0,0.0,,1.0
573.14144,0.0,0.0,,1.0
573.14146,1.0,1.0,,1.0
573.14147,0.0,0.0,,1.0
573.14148,1.0,1.0,,1.0
573.14149,0.0,,,
573.1415,0.0,0.0,,0.0
573.14151,0.0,1.0,,0.0
573.14152,0.0,0.0,,1.0
573.14153,1.0,1.0,,1.0
573.14154,0.0,,,1.0
573.14155,0.0,0.0,,1.0
573.14156,0.0,,,1.0
573.14158,,1.0,,1.0
573.14159,0.0,0.0,,1.0
573.1416,0.0,1.0,,
573.14161,0.0,1.0,,1.0
573.14162,0.0,0.0,,1.0
573.14163,0.0,,,1.0
573.14164,0.0,1.0,,
573.14165,1.0,1.0,,1.0
573.14166,0.0,0.0,,1.0
573.14167,0.0,0.0,,1.0
573.14168,0.0,0.0,,1.0
573.14169,0.0,1.0,,
573.1417,0.0,,,1.0
573.14171,0.0,0.0,,1.0
573.14172,0.0,0.0,,1.0
573.14173,,0.0,,1.0
573.14174,0.0,0.0,,1.0
573.14175,1.0,1.0,,1.0
573.14176,0.0,0.0,,1.0
573.14177,,1.0,,1.0
573.14178,1.0,1.0,,1.0
573.14179,0.0,1.0,,1.0
573.1418,0.0,,,1.0
573.14181,1.0,1.0,,1.0
573.14182,,1.0,,1.0
573.14183,,,,1.0
573.14184,,1.0,,1.0
573.14185,1.0,,,1.0
573.14186,0.0,1.0,,1.0
573.14187,0.0,0.0,,1.0
573.14188,0.0,0.0,,1.0
573.14189,0.0,1.0,,1.0
573.1419,0.0,1.0,,0.0
573.14191,0.0,1.0,,0.0
573.14192,0.0,0.0,,1.0
573.14193,0.0,,,1.0
573.14194,0.0,,,1.0
573.14195,0.0,,,1.0
573.14196,0.0,1.0,,0.0
573.14197,0.0,,,1.0
573.14198,0.0,1.0,,0.0
573.14199,0.0,1.0,,
573.14201,0.0,0.0,,0.0
573.14202,0.0,0.0,,1.0
573.14203,0.0,1.0,,0.0
573.14204,,,,1.0
573.14205,0.0,1.0,,0.0
573.14206,0.0,0.0,,1.0
573.14207,0.0,,,1.0
573.14208,0.0,1.0,,0.0
573.14209,0.0,1.0,,1.0
573.1421,0.0,1.0,,1.0
573.14211,0.0,,,0.0
573.14212,0.0,0.0,,1.0
573.14213,,0.0,,1.0
573.14214,1.0,1.0,,1.0
573.14215,0.0,1.0,,0.0
573.14216,,0.0,,1.0
573.14217,0.0,0.0,,1.0
573.14218,1.0,1.0,,1.0
573.14219,0.0,1.0,,0.0
573.1422,0.0,1.0,,1.0
573.14221,0.0,0.0,,1.0
573.14222,0.0,0.0,,1.0
573.14223,,,,1.0
573.14224,,1.0,,1.0
573.14225,0.0,,,1.0
573.14226,,1.0,,1.0
573.14227,0.0,0.0,,1.0
573.14228,,1.0,,1.0
573.14229,0.0,,,1.0
573.14231,1.0,1.0,,1.0
573.14232,0.0,0.0,,1.0
573.14233,1.0,1.0,,1.0
573.14234,0.0,0.0,,1.0
573.14235,0.0,1.0,,0.0
573.14236,0.0,0.0,,1.0
573.14237,0.0,1.0,,
573.14238,0.0,1.0,,1.0
573.14239,0.0,1.0,,1.0
573.1424,0.0,1.0,,1.0
573.14241,0.0,1.0,,1.0
573.14242,1.0,1.0,,1.0
573.14243,0.0,1.0,,1.0
573.14244,0.0,1.0,,1.0
573.14245,0.0,1.0,,
573.14246,0.0,1.0,,1.0
573.14247,0.0,,,1.0
573.14248,0.0,,,1.0
573.14249,0.0,1.0,,1.0
573.1425,1.0,1.0,,1.0
573.14251,0.0,1.0,,1.0
573.14252,0.0,0.0,,1.0
573.14253,0.0,1.0,,1.0
573.14254,,1.0,,1.0
573.14255,,1.0,,1.0
573.14256,1.0,,,1.0
573.14257,0.0,1.0,,
573.14258,0.0,1.0,,
573.14259,0.0,1.0,,1.0
573.1426,,1.0,,1.0
573.14261,,,,1.0
573.14262,0.0,1.0,,1.0
573.14263,1.0,1.0,,1.0
573.14264,0.0,0.0,,1.0
573.14265,,,,1.0
573.14266,1.0,1.0,,1.0
573.14267,0.0,,,
573.14268,0.0,0.0,,1.0
573.14269,1.0,1.0,,1.0
573.1427,0.0,1.0,,
573.14271,0.0,,,0.0
573.14272,0.0,0.0,,0.0
573.14273,0.0,1.0,,1.0
573.14274,0.0,,,1.0
573.14275,0.0,1.0,,1.0
573.14276,1.0,0.0,,1.0
573.14277,0.0,1.0,,0.0
573.14278,0.0,1.0,,1.0
573.14279,0.0,1.0,,
573.1428,0.0,1.0,,1.0
573.14281,,1.0,,1.0
573.14282,,0.0,,1.0
573.14283,1.0,1.0,,1.0
573.14284,0.0,1.0,,1.0
573.14285,0.0,0.0,,1.0
573.14286,0.0,0.0,,1.0
573.14287,0.0,0.0,,1.0
573.14288,,1.0,,1.0
573.14289,,0.0,,1.0
573.1429,0.0,1.0,,1.0
573.14291,0.0,1.0,,1.0
573.14292,0.0,1.0,,1.0
573.14293,,,,1.0
573.14294,1.0,1.0,,1.0
573.14295,0.0,0.0,,1.0
573.14296,0.0,1.0,,1.0
573.14297,0.0,1.0,,
573.14298,0.0,1.0,,
573.14299,,1.0,,1.0
573.14301,1.0,,,1.0
573.14302,0.0,0.0,,1.0
573.14303,0.0,1.0,,1.0
573.14304,0.0,1.0,,
573.14305,0.0,0.0,,0.0
573.14306,1.0,1.0,,1.0
573.14307,0.0,1.0,,1.0
573.14308,1.0,1.0,,1.0
573.14309,0.0,0.0,,
573.1431,0.0,1.0,,1.0
573.14311,0.0,1.0,,1.0
573.14312,,1.0,,1.0
573.14313,,1.0,,1.0
573.14314,,,,1.0
573.14315,,1.0,,1.0
573.14316,0.0,1.0,,1.0
573.14317,,1.0,,1.0
573.14319,0.0,0.0,,1.0
573.1432,0.0,,,1.0
573.14321,,1.0,,1.0
573.14322,0.0,1.0,,1.0
573.14324,0.0,,,0.0
573.14325,0.0,0.0,,1.0
573.14326,0.0,,,
573.14327,0.0,1.0,,0.0
573.14328,0.0,0.0,,0.0
573.14329,,1.0,,1.0
573.1433,1.0,1.0,,1.0
573.14331,0.0,0.0,,1.0
573.14332,0.0,1.0,,
573.14333,0.0,1.0,,1.0
573.14334,0.0,1.0,,1.0
573.14335,0.0,1.0,,
573.14336,0.0,1.0,,1.0
573.14337,0.0,0.0,,1.0
573.14338,0.0,0.0,,0.0
573.14339,0.0,,,1.0
573.1434,0.0,1.0,,
573.14341,0.0,0.0,,0.0
573.14342,0.0,1.0,,1.0
573.14343,0.0,1.0,,
573.14344,0.0,1.0,,
573.14345,0.0,1.0,,
573.14346,0.0,0.0,,1.0
573.14347,0.0,,,1.0
573.14348,0.0,1.0,,1.0
573.14349,0.0,1.0,,
573.1435,0.0,1.0,,
573.14351,0.0,0.0,,
573.14352,0.0,0.0,,1.0
573.14353,1.0,1.0,,1.0
573.14354,1.0,1.0,,1.0
573.14355,0.0,0.0,,1.0
573.14356,0.0,1.0,,1.0
573.14357,0.0,1.0,,1.0
573.14358,,1.0,,1.0
573.14359,0.0,1.0,,0.0
573.1436,0.0,1.0,,1.0
573.14361,0.0,,,1.0
573.14362,0.0,1.0,,1.0
573.14363,0.0,1.0,,
573.14364,1.0,1.0,,1.0
573.14365,0.0,0.0,,0.0
573.14366,0.0,1.0,,0.0
573.14367,0.0,1.0,,
573.14368,1.0,1.0,,1.0
573.14369,0.0,0.0,,
573.14371,1.0,1.0,,1.0
573.14372,0.0,1.0,,0.0
573.14373,0.0,1.0,,1.0
573.14374,1.0,1.0,,1.0
573.14375,0.0,1.0,,
573.14376,0.0,,,0.0
573.14377,0.0,0.0,,1.0
573.14378,1.0,0.0,,1.0
573.14379,0.0,1.0,,
573.1438,0.0,0.0,,1.0
573.14381,0.0,1.0,,
573.14382,,1.0,,1.0
573.14383,0.0,1.0,,0.0
573.14384,0.0,0.0,,1.0
573.14385,,1.0,,1.0
573.14386,0.0,0.0,,
573.14387,0.0,0.0,,0.0
573.14388,,1.0,,1.0
573.14389,0.0,0.0,,1.0
573.1439,,1.0,,1.0
573.14391,0.0,1.0,,1.0
573.14392,0.0,1.0,,0.0
573.14393,0.0,1.0,,1.0
573.14394,,1.0,,1.0
573.14395,0.0,,,1.0
573.14396,0.0,0.0,,
573.14397,0.0,1.0,,0.0
573.14398,0.0,1.0,,0.0
573.14399,0.0,,,1.0
573.14401,0.0,1.0,,1.0
573.14402,0.0,1.0,,
573.14403,0.0,0.0,,1.0
573.14404,0.0,1.0,,1.0
573.14405,0.0,1.0,,
573.14406,0.0,,,1.0
573.14407,0.0,1.0,,1.0
573.14408,0.0,1.0,,0.0
573.14409,0.0,,,0.0
573.1441,0.0,,,0.0
573.14411,0.0,1.0,,0.0
573.14413,0.0,1.0,,1.0
573.14415,0.0,1.0,,
573.14416,0.0,1.0,,
573.14417,0.0,1.0,,1.0
573.14418,0.0,0.0,,1.0
573.14419,0.0,0.0,,1.0
573.1442,0.0,0.0,,1.0
573.14421,0.0,1.0,,
573.14422,0.0,0.0,,1.0
573.14423,0.0,1.0,,
573.14424,0.0,1.0,,0.0
573.14425,,0.0,,0.0
573.14426,0.0,0.0,,1.0
573.14427,0.0,1.0,,0.0
573.14428,0.0,1.0,,1.0
573.14429,0.0,,,0.0
573.1443,0.0,1.0,,1.0
573.14431,0.0,1.0,,1.0
573.14432,0.0,1.0,,1.0
573.14433,0.0,0.0,,1.0
573.14434,1.0,1.0,,1.0
573.14435,0.0,1.0,,1.0
573.14436,0.0,1.0,,1.0
573.14437,0.0,1.0,,1.0
573.14438,0.0,0.0,,1.0
573.14439,,1.0,,1.0
573.1444,0.0,0.0,,0.0
573.14441,1.0,,,
573.14442,0.0,0.0,,1.0
573.14443,0.0,1.0,,0.0
573.14444,,1.0,,1.0
573.14445,0.0,1.0,,0.0
573.14446,0.0,0.0,,1.0
573.14447,0.0,,,1.0
573.14448,0.0,0.0,,
573.14449,,,,1.0
573.1445,0.0,1.0,,0.0
573.14451,1.0,,,
573.14452,0.0,0.0,,1.0
573.14453,0.0,0.0,,0.0
573.14454,0.0,,,0.0
573.14455,0.0,1.0,,1.0
573.14456,0.0,1.0,,1.0
573.14457,0.0,1.0,,1.0
573.14458,,1.0,,1.0
573.14459,0.0,0.0,,1.0
573.1446,0.0,0.0,,1.0
573.14461,0.0,,,
573.14462,1.0,0.0,,0.0
573.14463,0.0,,,1.0
573.14464,0.0,1.0,,1.0
573.14465,1.0,1.0,,1.0
573.14466,1.0,,,
573.14467,0.0,0.0,,
573.14468,0.0,1.0,,
573.14469,0.0,1.0,,1.0
573.1447,0.0,,,1.0
573.14471,0.0,0.0,,1.0
573.14472,0.0,1.0,,1.0
573.14473,0.0,1.0,,1.0
573.14474,0.0,1.0,,0.0
573.14475,0.0,1.0,,1.0
573.14477,1.0,1.0,,1.0
573.14478,0.0,0.0,,1.0
573.14479,0.0,,,0.0
573.1448,0.0,1.0,,1.0
573.14481,0.0,1.0,,
573.14482,0.0,,,0.0
573.14483,,,,1.0
573.14484,0.0,,,1.0
573.14485,,1.0,,1.0
573.14486,,,,1.0
573.14487,0.0,,,0.0
573.14488,0.0,0.0,,0.0
573.14489,0.0,1.0,,0.0
573.1449,0.0,1.0,,0.0
573.14491,,1.0,,1.0
573.14492,0.0,0.0,,1.0
573.14493,0.0,0.0,,1.0
573.14494,0.0,0.0,,1.0
573.14495,0.0,1.0,,1.0
573.14496,,0.0,,1.0
573.14497,0.0,1.0,,1.0
573.14498,1.0,1.0,,1.0
573.14499,0.0,,,1.0
573.14501,0.0,0.0,,1.0
573.14502,0.0,,,1.0
573.14503,0.0,,,1.0
573.14504,0.0,0.0,,1.0
573.14505,0.0,1.0,,0.0
573.14506,0.0,,,
573.14507,,1.0,,1.0
573.14508,0.0,,,1.0
573.14509,1.0,1.0,,1.0
573.1451,0.0,1.0,,0.0
573.14511,0.0,,,0.0
573.14512,,,,1.0
573.14513,0.0,0.0,,1.0
573.14514,0.0,1.0,,
573.14515,0.0,1.0,,
573.14516,,1.0,,1.0
573.14517,0.0,1.0,,1.0
573.14518,0.0,1.0,,
573.14519,0.0,1.0,,1.0
573.1452,0.0,0.0,,1.0
573.14521,0.0,0.0,,1.0
573.14522,0.0,1.0,,1.0
573.14523,1.0,1.0,,1.0
573.14524,,,,1.0
573.14525,0.0,1.0,,1.0
573.14526,0.0,,,1.0
573.14527,0.0,1.0,,1.0
573.14528,0.0,0.0,,1.0
573.14529,0.0,1.0,,1.0
573.1453,0.0,1.0,,1.0
573.14531,,,,1.0
573.14532,0.0,1.0,,0.0
573.14533,0.0,0.0,,1.0
573.14534,0.0,1.0,,0.0
573.14535,0.0,1.0,,1.0
573.14536,1.0,,,1.0
573.14537,,1.0,,1.0
573.14538,0.0,0.0,,1.0
573.14539,0.0,1.0,,
573.1454,0.0,0.0,,1.0
573.14541,0.0,1.0,,1.0
573.14542,,1.0,,1.0
573.14543,0.0,1.0,,0.0
573.14544,0.0,1.0,,
573.14545,,1.0,,1.0
573.14546,0.0,1.0,,0.0
573.14547,,1.0,,1.0
573.14548,0.0,1.0,,1.0
573.14549,0.0,,,1.0
573.1455,0.0,1.0,,1.0
573.15042,0.0,1.0,,1.0
573.15043,,1.0,,1.0
573.15044,,1.0,,1.0
573.15107,,1.0,,
573.15108,1.0,1.0,,1.0
573.15217,0.0,1.0,,1.0
573.15329,0.0,1.0,,1.0
573.1536,0.0,1.0,,1.0
573.15361,0.0,0.0,,0.0
573.15362,0.0,0.0,,0.0
573.15364,0.0,1.0,,1.0
573.15366,0.0,0.0,,0.0
573.15367,0.0,0.0,,0.0
573.15368,0.0,0.0,,0.0
573.15369,0.0,1.0,,1.0
573.1537,0.0,1.0,,1.0
573.15371,0.0,0.0,,1.0
573.15372,0.0,0.0,,0.0
573.15373,0.0,0.0,,0.0
573.15374,0.0,0.0,,1.0
573.15375,0.0,1.0,,1.0
573.15376,0.0,0.0,,1.0
573.15377,0.0,0.0,,1.0
573.1542,0.0,1.0,,1.0
573.15432,0.0,,,
573.15433,0.0,,,
573.15434,1.0,,,
573.15435,1.0,,,
573.15436,1.0,,,
573.15438,1.0,,,
573.15439,1.0,,,
573.1544,1.0,,,
573.15441,1.0,,,
573.15442,0.0,,,
573.15443,0.0,,,
573.15444,0.0,,,
573.15445,0.0,,,
573.15446,0.0,,,
573.15447,0.0,,,
573.15448,1.0,,,
573.15449,0.0,,,
573.1545,0.0,,,
573.15451,0.0,,,
573.15452,0.0,,,
573.15455,0.0,,,
573.15456,0.0,,,
573.15458,0.0,,,
573.15459,0.0,,,
573.1546,0.0,,,
573.15461,1.0,,,
573.15462,1.0,,,
573.15463,0.0,,,
573.15465,0.0,,,
573.15466,1.0,,,
573.15468,0.0,,,
573.15469,0.0,,,
573.1547,0.0,,,
573.15471,0.0,,,
573.15472,0.0,,,
573.15473,0.0,,,
573.15474,0.0,,,
573.15475,0.0,,,
573.15476,0.0,,,
573.15477,0.0,,,
573.15478,1.0,,,
573.15479,0.0,,,
573.1548,0.0,,,
573.15481,0.0,,,
573.15482,0.0,,,
573.15483,0.0,,,
573.15484,0.0,,,
573.15485,1.0,,,
573.15486,1.0,,,
573.15487,0.0,,,
573.15488,1.0,,,
573.15489,1.0,,,
573.1549,1.0,,,
573.15491,1.0,,,
573.15493,0.0,,,
573.15495,0.0,,,
573.15496,1.0,,,
573.15497,0.0,,,
573.15498,0.0,,,
573.15499,0.0,,,
573.15501,0.0,,,
573.15502,1.0,,,
573.15503,0.0,,,
573.15504,0.0,,,
573.15505,0.0,,,
573.15506,0.0,,,
573.15507,0.0,,,
573.15509,0.0,,,
573.1551,0.0,,,
573.15511,0.0,1.0,,0.0
573.15512,0.0,0.0,,0.0
573.15513,0.0,0.0,,0.0
573.15514,0.0,0.0,,0.0
573.15515,0.0,0.0,,0.0
573.15516,0.0,0.0,,0.0
573.15517,0.0,0.0,,0.0
573.15518,0.0,0.0,,0.0
573.15519,0.0,0.0,,
573.1552,0.0,0.0,,0.0
573.15521,0.0,0.0,,0.0
573.15522,0.0,0.0,,0.0
573.15523,0.0,0.0,,0.0
573.15524,0.0,0.0,,0.0
573.15525,0.0,0.0,,0.0
573.15526,0.0,0.0,,0.0
573.15527,0.0,0.0,,0.0
573.15528,0.0,0.0,,0.0
573.15529,0.0,0.0,,0.0
573.1553,1.0,1.0,,1.0
573.15531,0.0,0.0,,0.0
573.15533,0.0,0.0,,0.0
573.15534,0.0,0.0,,0.0
573.15535,0.0,0.0,,0.0
573.15536,0.0,0.0,,0.0
573.15537,0.0,0.0,,0.0
573.15538,0.0,0.0,,0.0
573.15539,0.0,0.0,,0.0
573.1554,0.0,0.0,,0.0
573.15541,0.0,0.0,,0.0
573.15542,0.0,0.0,,0.0
573.15543,0.0,0.0,,0.0
573.15544,0.0,0.0,,0.0
573.15545,0.0,0.0,,0.0
573.15546,0.0,0.0,,1.0
573.15547,0.0,0.0,,0.0
573.15548,0.0,0.0,,0.0
573.1555,0.0,0.0,,0.0
573.15551,0.0,0.0,,0.0
573.15552,0.0,0.0,,0.0
573.15553,0.0,0.0,,0.0
573.15554,0.0,0.0,,0.0
573.15555,0.0,0.0,,0.0
573.15556,0.0,0.0,,0.0
573.15557,0.0,0.0,,0.0
573.15558,0.0,0.0,,0.0
573.15559,0.0,0.0,,0.0
573.1556,0.0,0.0,,0.0
573.15561,0.0,0.0,,0.0
573.15562,0.0,0.0,,0.0
573.15563,0.0,0.0,,0.0
573.15564,0.0,0.0,,0.0
573.15565,0.0,0.0,,0.0
573.15566,0.0,0.0,,0.0
573.15567,0.0,0.0,,0.0
573.15568,0.0,0.0,,0.0
573.15569,0.0,0.0,,0.0
573.1557,0.0,0.0,,0.0
573.15571,0.0,0.0,,0.0
573.15572,0.0,0.0,,0.0
573.15573,0.0,0.0,,0.0
573.15574,0.0,0.0,,0.0
573.15575,0.0,0.0,,0.0
573.15576,0.0,0.0,,0.0
573.15577,0.0,0.0,,0.0
573.15579,0.0,0.0,,0.0
573.1558,0.0,0.0,,0.0
573.15581,0.0,0.0,,0.0
573.15582,0.0,0.0,,0.0
573.15583,0.0,0.0,,0.0
573.15584,0.0,0.0,,0.0
573.15585,0.0,0.0,,0.0
573.15586,0.0,0.0,,0.0
573.15587,0.0,0.0,,0.0
573.15588,0.0,0.0,,0.0
573.15589,0.0,0.0,,0.0
573.1559,0.0,0.0,,0.0
573.15591,0.0,0.0,,0.0
573.15592,1.0,0.0,,1.0
573.15593,0.0,0.0,,1.0
573.15594,0.0,0.0,,0.0
573.15595,0.0,0.0,,1.0
573.15596,0.0,0.0,,0.0
573.15597,0.0,0.0,,0.0
573.15598,0.0,0.0,,0.0
573.15599,0.0,0.0,,
573.15601,0.0,0.0,,0.0
573.15602,0.0,1.0,,1.0
573.15603,0.0,1.0,,1.0
573.15605,0.0,0.0,,0.0
573.15606,0.0,0.0,,1.0
573.15607,0.0,0.0,,0.0
573.15608,0.0,0.0,,0.0
573.15609,1.0,0.0,,1.0
573.1561,0.0,0.0,,0.0
573.15611,0.0,0.0,,0.0
573.15612,0.0,0.0,,0.0
573.15613,0.0,1.0,,1.0
573.15614,0.0,1.0,,1.0
573.15615,0.0,0.0,,0.0
573.15616,1.0,0.0,,1.0
573.15617,0.0,0.0,,0.0
573.15618,,1.0,,1.0
573.15619,0.0,0.0,,0.0
573.1562,0.0,0.0,,0.0
573.15621,0.0,0.0,,0.0
573.15622,0.0,0.0,,0.0
573.15623,0.0,0.0,,0.0
573.15624,0.0,0.0,,0.0
573.15626,0.0,1.0,,1.0
573.15627,0.0,0.0,,0.0
573.15628,0.0,0.0,,0.0
573.15629,0.0,1.0,,1.0
573.1563,0.0,,,
573.15631,0.0,,,
573.15632,0.0,,,
573.15634,0.0,,,
573.15635,0.0,,,
573.15636,0.0,,,
573.15638,0.0,,,
573.15639,0.0,,,
573.1564,0.0,,,
573.15641,0.0,,,
573.15642,0.0,,,
573.15643,0.0,,,
573.15644,0.0,,,
573.15645,0.0,,,
573.15646,0.0,,,
573.15648,0.0,,,
573.15649,0.0,,,
573.1565,0.0,,,
573.15653,0.0,,,
573.15654,0.0,,,
573.15661,0.0,,,
573.15662,0.0,,,
573.15664,0.0,,,
573.15665,0.0,,,
573.15666,0.0,,,
573.15667,0.0,,,
573.15668,0.0,,,
573.15669,0.0,,,
573.1567,0.0,,,
573.15671,0.0,,,
573.15672,0.0,,,
573.15673,0.0,,,
573.15674,0.0,,,
573.15675,0.0,,,
573.15676,0.0,,,
573.15677,0.0,,,
573.15679,0.0,,,
573.1568,0.0,,,
573.15681,0.0,,,
573.15682,0.0,,,
573.15683,0.0,,,
573.15684,0.0,,,
573.15685,0.0,,,
573.15686,1.0,,,
573.15688,0.0,,,
573.15689,0.0,,,
573.1569,0.0,,,
573.15691,0.0,,,
573.15693,0.0,,,
573.15694,0.0,,,
573.15695,0.0,,,
573.15696,0.0,,,
573.15697,0.0,,,
573.15698,0.0,,,
573.15699,0.0,,,
573.15701,0.0,,,
573.15702,0.0,,,
573.15703,0.0,,,
573.15704,0.0,,,
573.15705,0.0,,,
573.15706,0.0,,,
573.15707,0.0,,,
573.15708,0.0,,,
573.1571,0.0,,,
573.15711,0.0,,,
573.15713,0.0,,,
573.15714,0.0,,,
573.15716,0.0,,,
573.15717,0.0,,,
573.15719,0.0,,,
573.1572,0.0,,,
573.15721,0.0,,,
573.15722,0.0,,,
573.15724,0.0,,,
573.15725,0.0,,,
573.15726,0.0,,,
573.15727,0.0,,,
573.15728,0.0,,,
573.15729,0.0,,,
573.1573,0.0,,,
573.15731,0.0,,,
573.15732,0.0,,,
573.15733,0.0,,,
573.15734,0.0,,,
573.1719,1.0,,,
573.1721,1.0,,,
573.1722,1.0,,,
573.1723,1.0,,,
573.1724,1.0,,,
573.1725,1.0,,,
573.1726,0.0,,,
573.1727,0.0,,,
573.1728,0.0,,,
573.1729,0.0,,,
573.1731,0.0,,,
573.1732,0.0,,,
573.1733,1.0,,,
573.1734,1.0,,,
573.17908,,1.0,,1.0
573.17914,,1.0,,1.0
573.17915,,1.0,,1.0
573.17927,0.0,1.0,,1.0
573.17943,1.0,1.0,,1.0
573.18086,0.0,1.0,,1.0
573.18087,0.0,1.0,,1.0
573.18088,1.0,1.0,,1.0
573.18093,1.0,1.0,,1.0
573.18472,0.0,0.0,,0.0
573.18476,0.0,,0.0,1.0
573.18477,1.0,,1.0,1.0
573.18541,0.0,1.0,,
573.18542,0.0,1.0,,1.0
573.18543,1.0,1.0,,1.0
573.19877,,1.0,,1.0
573.1996,,,0.0,
573.1998,,,0.0,
573.1999,,,1.0,
573.2001,,,1.0,
573.2002,,,0.0,
573.2003,,,0.0,
573.2004,,,0.0,
573.2005,,,1.0,
573.20059,0.0,1.0,,1.0
573.2006,0.0,1.0,1.0,1.0
573.20061,0.0,0.0,,1.0
573.20062,1.0,1.0,,1.0
573.20063,1.0,1.0,,1.0
573.20064,0.0,1.0,,1.0
573.20065,0.0,1.0,,1.0
573.2007,,,0.0,
573.2008,,,0.0,
573.2009,,,1.0,
573.2011,,,1.0,
573.2012,,,1.0,
573.2013,,,0.0,
573.2015,,,0.0,
573.2016,,,1.0,
573.2017,,,1.0,
573.2018,,,1.0,
573.2019,,,0.0,
573.2021,,,1.0,
573.2022,,,0.0,
573.2023,,,0.0,
573.2025,,,0.0,
573.2026,,,0.0,
573.2027,,,0.0,
573.2028,,,0.0,
573.2029,,,1.0,
573.22555,0.0,,1.0,1.0
573.22556,0.0,,1.0,1.0
573.22557,0.0,,1.0,1.0
573.22558,0.0,,1.0,1.0
573.22559,0.0,,1.0,1.0
573.22561,0.0,,1.0,1.0
573.22562,0.0,,1.0,1.0
573.22563,0.0,,1.0,1.0
573.22564,0.0,,1.0,1.0
573.22565,0.0,,1.0,1.0
573.22566,0.0,,1.0,1.0
573.22567,0.0,,1.0,1.0
573.22568,0.0,,1.0,1.0
573.23196,1.0,1.0,0.0,1.0
573.23197,0.0,,0.0,0.0
573.23198,0.0,1.0,0.0,0.0
573.23199,1.0,1.0,,1.0
573.23201,1.0,1.0,,1.0
573.23202,1.0,1.0,0.0,1.0
573.23203,0.0,1.0,0.0,0.0
573.23204,1.0,1.0,,1.0
573.23205,1.0,1.0,0.0,1.0
573.23206,1.0,1.0,0.0,1.0
573.23207,1.0,1.0,0.0,1.0
573.23208,0.0,,0.0,0.0
573.23209,0.0,,0.0,0.0
573.2321,0.0,,0.0,0.0
573.23211,1.0,1.0,,1.0
573.23212,0.0,,0.0,0.0
573.23213,1.0,1.0,,1.0
573.23214,1.0,1.0,,1.0
573.23215,0.0,1.0,0.0,0.0
573.23216,1.0,1.0,,1.0
573.23217,1.0,1.0,,1.0
573.23218,1.0,1.0,0.0,1.0
573.23219,0.0,,0.0,0.0
573.2322,0.0,,0.0,0.0
573.23221,1.0,1.0,0.0,1.0
573.23222,1.0,1.0,,1.0
573.23223,0.0,,0.0,0.0
573.23224,0.0,1.0,0.0,0.0
573.23225,1.0,1.0,0.0,1.0
573.23228,1.0,1.0,,1.0
573.23229,1.0,1.0,,1.0
573.23233,0.0,1.0,0.0,0.0
573.24243,1.0,1.0,,
573.24244,0.0,0.0,,1.0
573.24245,1.0,1.0,,1.0
573.24246,0.0,0.0,,
573.24247,1.0,1.0,,
573.24248,1.0,1.0,,
573.24249,0.0,0.0,,1.0
573.24251,1.0,1.0,,
573.24252,1.0,1.0,,
573.24253,0.0,,,
573.24254,1.0,1.0,,
573.24255,0.0,0.0,,0.0
573.24256,1.0,1.0,,
573.24257,0.0,0.0,,
573.24258,0.0,1.0,,
573.24259,0.0,0.0,,
573.24261,0.0,1.0,,
573.24262,0.0,1.0,,1.0
573.24263,1.0,1.0,,
573.24264,0.0,1.0,,1.0
573.24265,1.0,1.0,,
573.24266,0.0,0.0,,0.0
573.24267,1.0,1.0,,1.0
573.24268,0.0,0.0,,0.0
573.24269,0.0,0.0,,
573.24271,1.0,1.0,,
573.24272,0.0,1.0,,
573.24273,0.0,0.0,,
573.24274,0.0,1.0,,
573.24275,0.0,0.0,,
573.24276,0.0,1.0,,
573.24277,1.0,1.0,,
573.24278,0.0,1.0,,
573.24279,0.0,0.0,,0.0
573.24281,0.0,1.0,,0.0
573.24282,0.0,0.0,,0.0
573.24283,0.0,0.0,,1.0
573.24284,0.0,0.0,,0.0
573.24285,0.0,0.0,,0.0
573.24286,1.0,0.0,,1.0
573.24287,0.0,0.0,,0.0
573.24288,0.0,1.0,,1.0
573.24289,0.0,1.0,,1.0
573.24291,0.0,1.0,,1.0
573.24292,0.0,0.0,,
573.24293,0.0,0.0,,0.0
573.24294,0.0,1.0,,
573.24295,0.0,0.0,,0.0
573.24296,0.0,0.0,,0.0
573.24297,1.0,1.0,,
573.24298,0.0,0.0,,1.0
573.24299,0.0,0.0,,
573.24301,1.0,0.0,,1.0
573.24302,0.0,0.0,,0.0
573.24303,0.0,1.0,,1.0
573.24304,,1.0,,1.0
573.24305,0.0,0.0,,1.0
573.24306,0.0,0.0,,1.0
573.24307,0.0,0.0,,1.0
573.24308,0.0,0.0,,1.0
573.24309,1.0,1.0,,1.0
573.24311,1.0,1.0,,1.0
573.24312,1.0,1.0,,1.0
573.24313,,1.0,,
573.24314,1.0,1.0,,1.0
573.24315,0.0,1.0,,
573.24316,1.0,1.0,,
573.24317,0.0,1.0,,1.0
573.24318,1.0,1.0,,1.0
573.24319,1.0,,,1.0
573.24321,1.0,,,1.0
573.24322,,,,1.0
573.24323,1.0,,,1.0
573.24324,0.0,,,1.0
573.24325,0.0,,,1.0
573.24326,,1.0,,1.0
573.24327,,1.0,,1.0
573.24328,0.0,,,1.0
573.24329,0.0,1.0,,1.0
573.24331,0.0,1.0,,1.0
573.24332,0.0,1.0,,1.0
573.24333,,1.0,,1.0
573.24334,0.0,1.0,,1.0
573.24335,,1.0,,1.0
573.24336,0.0,1.0,,1.0
573.24337,0.0,1.0,,1.0
573.24338,0.0,1.0,,1.0
573.24339,0.0,1.0,,1.0
573.24341,0.0,1.0,,1.0
573.24342,0.0,0.0,,1.0
573.24343,1.0,1.0,,1.0
573.24344,0.0,1.0,,1.0
573.24345,,1.0,,1.0
573.24346,,1.0,,1.0
573.24347,,1.0,,1.0
573.24348,0.0,,,1.0
573.24349,0.0,1.0,,1.0
573.24351,0.0,1.0,,1.0
573.24352,,1.0,,1.0
573.24353,0.0,1.0,,1.0
573.24354,0.0,1.0,,1.0
573.24355,0.0,1.0,,1.0
573.24356,,1.0,,1.0
573.24357,0.0,1.0,,1.0
573.24358,,1.0,,1.0
573.24359,,1.0,,1.0
573.24361,0.0,,,1.0
573.24362,0.0,1.0,,1.0
573.24363,0.0,1.0,,1.0
573.24364,,,,1.0
573.24365,0.0,,,1.0
573.24366,0.0,1.0,,1.0
573.24367,0.0,,,1.0
573.24368,0.0,1.0,,1.0
573.24369,0.0,1.0,,1.0
573.24371,1.0,0.0,,
573.24372,,1.0,,1.0
573.24373,0.0,1.0,,1.0
573.24374,,1.0,,1.0
573.24375,,1.0,,1.0
573.24376,0.0,1.0,,1.0
573.24377,0.0,1.0,,
573.24378,0.0,1.0,,1.0
573.24379,,1.0,,1.0
573.24381,0.0,0.0,,0.0
573.24382,0.0,1.0,,1.0
573.24383,,1.0,,1.0
573.24384,0.0,0.0,,0.0
573.24385,0.0,,,1.0
573.24386,0.0,0.0,,0.0
573.24387,0.0,1.0,,1.0
573.24388,0.0,1.0,,1.0
573.24389,,1.0,,1.0
573.24391,0.0,1.0,,1.0
573.24392,0.0,1.0,,1.0
573.24393,0.0,1.0,,1.0
573.24394,0.0,1.0,,1.0
573.24395,0.0,1.0,,1.0
573.24396,0.0,1.0,,1.0
573.24397,0.0,,,1.0
573.24398,,1.0,,1.0
573.24399,,1.0,,1.0
573.24401,,1.0,,1.0
573.24402,0.0,1.0,,1.0
573.24403,,1.0,,1.0
573.24404,0.0,1.0,,1.0
573.24405,,1.0,,1.0
573.24406,,1.0,,1.0
573.24407,0.0,1.0,,1.0
573.24408,0.0,0.0,,1.0
573.24409,,1.0,,1.0
573.24411,0.0,1.0,,1.0
573.24412,,1.0,,1.0
573.24413,1.0,1.0,,1.0
573.24414,0.0,1.0,,1.0
573.24415,,,,1.0
573.24416,0.0,1.0,,1.0
573.24417,,,,1.0
573.24418,0.0,0.0,,1.0
573.24419,0.0,1.0,,1.0
573.24421,0.0,1.0,,1.0
573.24422,0.0,1.0,,1.0
573.24423,,1.0,,1.0
573.24424,,1.0,,1.0
573.24425,0.0,1.0,,1.0
573.24426,,1.0,,1.0
573.24427,0.0,,,1.0
573.24428,1.0,1.0,,1.0
573.24429,0.0,1.0,,1.0
573.24431,0.0,1.0,,1.0
573.24432,0.0,1.0,,1.0
573.24433,0.0,1.0,,1.0
573.24434,0.0,1.0,,1.0
573.24435,1.0,1.0,,1.0
573.24436,,1.0,,1.0
573.24437,,1.0,,1.0
573.24438,,1.0,,1.0
573.24439,0.0,1.0,,1.0
573.24441,0.0,1.0,,1.0
573.24442,0.0,1.0,,1.0
573.24443,0.0,1.0,,1.0
573.24444,0.0,1.0,,1.0
573.24445,,1.0,,1.0
573.24446,0.0,1.0,,1.0
573.24447,0.0,1.0,,1.0
573.24448,0.0,1.0,,1.0
573.24449,0.0,1.0,,1.0
573.24451,,1.0,,1.0
573.24452,1.0,1.0,,1.0
573.24453,0.0,1.0,,1.0
573.24454,1.0,1.0,,1.0
573.24455,,1.0,,1.0
573.25568,,1.0,1.0,1.0
573.25569,0.0,1.0,1.0,1.0
573.25927,0.0,0.0,,1.0
573.26073,0.0,0.0,,0.0
573.26074,0.0,0.0,,0.0
573.26075,0.0,0.0,,0.0
573.26076,0.0,0.0,,0.0
573.26077,0.0,0.0,,0.0
573.26078,0.0,0.0,,0.0
573.26079,0.0,0.0,,0.0
573.26081,0.0,1.0,,1.0
573.26082,0.0,0.0,,0.0
573.26083,0.0,0.0,,0.0
573.26084,0.0,0.0,,0.0
573.26085,,,,0.0
573.26086,0.0,0.0,,0.0
573.26087,0.0,,,0.0
573.26088,,,,0.0
573.26089,0.0,0.0,,0.0
573.26091,0.0,0.0,,0.0
573.26092,,,,1.0
573.26093,0.0,0.0,,0.0
573.26094,0.0,0.0,,0.0
573.26095,0.0,1.0,,0.0
573.26096,0.0,1.0,,0.0
573.26097,0.0,,,1.0
573.26098,0.0,0.0,,0.0
573.26099,0.0,0.0,,
573.26101,0.0,0.0,,0.0
573.26102,0.0,,,0.0
573.26103,0.0,0.0,,
573.26105,,1.0,,1.0
573.26106,0.0,0.0,,0.0
573.26107,0.0,0.0,,0.0
573.26108,0.0,0.0,,0.0
573.26109,0.0,0.0,,0.0
573.26111,0.0,0.0,,0.0
573.26112,0.0,0.0,,0.0
573.26113,0.0,0.0,,0.0
573.26114,0.0,0.0,,0.0
573.26115,0.0,0.0,,0.0
573.26116,0.0,0.0,,0.0
573.26117,,1.0,,1.0
573.26118,0.0,0.0,,0.0
573.26119,0.0,0.0,,0.0
573.26121,0.0,0.0,,0.0
573.26122,0.0,1.0,,
573.26123,0.0,0.0,,0.0
573.26124,0.0,0.0,,0.0
573.26125,0.0,0.0,,0.0
573.26126,0.0,0.0,,0.0
573.26127,0.0,0.0,,0.0
573.26128,0.0,0.0,,0.0
573.26129,0.0,0.0,,0.0
573.26131,0.0,0.0,,0.0
573.26132,0.0,1.0,,1.0
573.26133,0.0,0.0,,0.0
573.26134,0.0,0.0,,0.0
573.26135,0.0,0.0,,0.0
573.26136,0.0,0.0,,
573.26137,0.0,0.0,,0.0
573.26138,0.0,0.0,,
573.26139,0.0,1.0,,
573.26141,0.0,0.0,,0.0
573.26142,,0.0,,
573.26143,0.0,0.0,,0.0
573.26144,0.0,0.0,,0.0
573.26145,0.0,0.0,,0.0
573.26146,0.0,0.0,,0.0
573.26147,0.0,0.0,,0.0
573.26148,0.0,0.0,,0.0
573.26149,0.0,0.0,,0.0
573.26151,0.0,1.0,,0.0
573.26152,0.0,0.0,,0.0
573.26153,0.0,0.0,,0.0
573.26154,0.0,0.0,,0.0
573.26155,0.0,0.0,,0.0
573.26156,0.0,0.0,,0.0
573.26157,0.0,0.0,,0.0
573.26158,0.0,0.0,,0.0
573.26159,0.0,0.0,,0.0
573.26161,0.0,0.0,,0.0
573.26162,,1.0,,0.0
573.26163,0.0,0.0,,0.0
573.26164,0.0,0.0,,0.0
573.26165,,,,0.0
573.26166,1.0,1.0,,1.0
573.26167,0.0,0.0,,0.0
573.26168,0.0,1.0,,
573.26169,,,,0.0
573.26171,0.0,0.0,,0.0
573.26172,0.0,0.0,,
573.26173,0.0,0.0,,0.0
573.26174,0.0,0.0,,0.0
573.26175,0.0,0.0,,0.0
573.26176,0.0,0.0,,
573.26177,0.0,0.0,,0.0
573.26178,0.0,0.0,,0.0
573.26179,0.0,0.0,,0.0
573.26181,0.0,0.0,,0.0
573.26182,0.0,0.0,,0.0
573.26183,0.0,0.0,,0.0
573.26184,0.0,0.0,,0.0
573.26185,0.0,0.0,,0.0
573.26186,0.0,0.0,,0.0
573.26187,0.0,0.0,,0.0
573.26188,0.0,0.0,,0.0
573.26189,0.0,0.0,,0.0
573.26191,0.0,0.0,,0.0
573.26192,0.0,0.0,,0.0
573.26193,0.0,0.0,,0.0
573.26194,0.0,0.0,,0.0
573.26195,0.0,0.0,,0.0
573.26196,1.0,,,1.0
573.26197,0.0,0.0,,0.0
573.26198,0.0,0.0,,0.0
573.26199,0.0,0.0,,0.0
573.26201,0.0,,,0.0
573.26202,0.0,0.0,,
573.26203,0.0,0.0,,
573.26204,0.0,0.0,,0.0
573.26205,0.0,0.0,,0.0
573.26206,0.0,0.0,,
573.26207,0.0,0.0,,0.0
573.26208,0.0,0.0,,
573.26209,0.0,0.0,,0.0
573.26211,0.0,0.0,,0.0
573.26212,0.0,0.0,,0.0
573.26213,0.0,0.0,,0.0
573.26214,0.0,,,0.0
573.26215,0.0,0.0,,0.0
573.26216,0.0,,,0.0
573.26217,0.0,0.0,,0.0
573.26218,0.0,0.0,,0.0
573.26219,0.0,0.0,,0.0
573.26221,0.0,0.0,,0.0
573.26222,0.0,0.0,,0.0
573.26223,0.0,0.0,,0.0
573.26224,0.0,0.0,,0.0
573.26225,0.0,0.0,,0.0
573.26226,0.0,0.0,,
573.26227,0.0,0.0,,
573.26228,0.0,0.0,,0.0
573.26229,,1.0,,1.0
573.26232,0.0,1.0,,0.0
573.26233,0.0,0.0,,0.0
573.26234,0.0,0.0,,0.0
573.26235,0.0,,,0.0
573.26236,0.0,1.0,,0.0
573.26237,0.0,0.0,,0.0
573.26238,0.0,1.0,,1.0
573.26239,,1.0,,1.0
573.26241,0.0,0.0,,0.0
573.26242,0.0,0.0,,0.0
573.26243,0.0,0.0,,0.0
573.26244,,1.0,,1.0
573.26245,0.0,0.0,,0.0
573.26246,0.0,0.0,,0.0
573.26247,0.0,0.0,,0.0
573.26248,,1.0,,1.0
573.26249,0.0,0.0,,0.0
573.26251,0.0,0.0,,0.0
573.26252,0.0,1.0,,1.0
573.26253,0.0,1.0,,0.0
573.26254,0.0,0.0,,0.0
573.26255,0.0,0.0,,1.0
573.26256,0.0,1.0,,0.0
573.26257,0.0,1.0,,0.0
573.26258,0.0,1.0,,1.0
573.26259,0.0,0.0,,0.0
573.26261,0.0,0.0,,0.0
573.26262,0.0,1.0,,0.0
573.26263,0.0,0.0,,0.0
573.26264,0.0,0.0,,0.0
573.26265,0.0,0.0,,1.0
573.26266,0.0,1.0,,0.0
573.26267,0.0,0.0,,0.0
573.26268,,1.0,,1.0
573.26269,0.0,0.0,,0.0
573.26271,0.0,0.0,,0.0
573.26272,0.0,0.0,,0.0
573.26273,0.0,1.0,,0.0
573.26274,0.0,0.0,,0.0
573.26275,0.0,1.0,,
573.26276,0.0,1.0,,0.0
573.26277,0.0,0.0,,0.0
573.26278,,1.0,,1.0
573.26279,0.0,1.0,,1.0
573.26281,0.0,1.0,,
573.26282,0.0,0.0,,0.0
573.26283,0.0,0.0,,0.0
573.26284,0.0,0.0,,0.0
573.26285,0.0,0.0,,0.0
573.26286,0.0,0.0,,
573.26287,0.0,0.0,,0.0
573.26288,0.0,1.0,,0.0
573.26289,0.0,0.0,,0.0
573.26291,0.0,0.0,,0.0
573.26292,0.0,1.0,,
573.26293,,1.0,,0.0
573.26294,0.0,0.0,,0.0
573.26295,,1.0,,0.0
573.26296,,1.0,,1.0
573.26297,0.0,1.0,,
573.26298,0.0,1.0,,0.0
573.26299,0.0,1.0,,0.0
573.26301,0.0,0.0,,0.0
573.26302,0.0,0.0,,0.0
573.26303,0.0,1.0,,0.0
573.26304,0.0,1.0,,0.0
573.26305,0.0,1.0,,0.0
573.26306,0.0,0.0,,0.0
573.26307,0.0,1.0,,1.0
573.26308,,1.0,,0.0
573.26309,0.0,0.0,,0.0
573.26311,0.0,1.0,,0.0
573.26312,0.0,0.0,,0.0
573.26313,0.0,0.0,,0.0
573.26314,0.0,0.0,,0.0
573.26315,0.0,1.0,,0.0
573.26316,0.0,0.0,,0.0
573.26317,,1.0,,1.0
573.26318,0.0,0.0,,0.0
573.26319,0.0,1.0,,0.0
573.26321,0.0,1.0,,
573.26322,0.0,0.0,,0.0
573.26323,0.0,0.0,,0.0
573.29861,1.0,,1.0,
573.29862,1.0,,0.0,
573.29863,1.0,,0.0,
573.29864,1.0,,1.0,
573.29865,1.0,,0.0,
573.29866,0.0,,0.0,
573.29867,1.0,,0.0,
573.29868,1.0,,0.0,
573.29869,1.0,,0.0,
573.29871,1.0,,0.0,
573.29872,1.0,,1.0,
573.29873,1.0,,0.0,
573.29874,0.0,,0.0,
573.29875,1.0,,0.0,
573.29876,0.0,,0.0,
573.29877,1.0,,0.0,
573.29878,0.0,,0.0,
573.29879,0.0,,0.0,
573.29881,0.0,,0.0,
573.29882,0.0,,0.0,
573.29883,0.0,,0.0,
573.29884,0.0,,0.0,
573.29885,0.0,,0.0,
573.29886,1.0,,1.0,
573.29888,1.0,,0.0,
573.29889,0.0,,0.0,
573.29891,0.0,,0.0,
573.29892,0.0,,0.0,
573.29893,1.0,,0.0,
573.29894,0.0,,0.0,
573.29895,0.0,,0.0,
573.29896,1.0,,0.0,
573.29897,1.0,,0.0,
573.29898,1.0,,1.0,
573.29899,1.0,,0.0,
573.29901,0.0,,0.0,
573.29902,0.0,,0.0,
573.29903,1.0,,0.0,
573.29904,1.0,,1.0,
573.29905,1.0,,0.0,
573.29906,1.0,,0.0,
573.29907,0.0,,0.0,
573.29908,1.0,,1.0,
573.29909,1.0,,0.0,
573.29911,0.0,,0.0,
573.29912,0.0,,0.0,
573.29913,1.0,,0.0,
573.29914,0.0,,0.0,
573.29915,0.0,,0.0,
573.29916,1.0,,0.0,
573.29917,1.0,,0.0,
573.29918,0.0,,0.0,
573.29919,1.0,,0.0,
573.29921,0.0,,0.0,
573.29922,1.0,,0.0,
573.29923,0.0,,0.0,
573.29924,0.0,,1.0,
573.29925,1.0,,1.0,
573.29926,1.0,,1.0,
573.29927,0.0,,0.0,
573.29928,1.0,,0.0,
573.29929,1.0,,0.0,
573.29931,1.0,,1.0,
573.29932,0.0,,0.0,
573.29933,1.0,,0.0,
573.29934,1.0,,0.0,
573.29935,1.0,,1.0,
573.29936,1.0,,1.0,
573.29937,0.0,,0.0,
573.29938,1.0,,0.0,
573.29939,0.0,,0.0,
573.29941,1.0,,0.0,
573.29942,0.0,,0.0,
573.29943,0.0,,1.0,
573.29944,0.0,,0.0,
573.29945,0.0,,0.0,
573.29946,1.0,,0.0,
573.29947,0.0,,0.0,
573.29948,1.0,,0.0,
573.29949,0.0,,1.0,
573.29951,0.0,,1.0,
573.29952,1.0,,0.0,
573.29953,0.0,,0.0,
573.29954,0.0,,1.0,
573.29955,0.0,,1.0,
573.29956,0.0,,0.0,
573.29957,0.0,,0.0,
573.29958,0.0,,0.0,
573.29959,0.0,,0.0,
573.29961,1.0,,1.0,
573.29962,0.0,,0.0,
573.29963,0.0,,0.0,
573.29964,0.0,,0.0,
573.29965,1.0,,0.0,
573.29966,0.0,,1.0,
573.29967,0.0,,0.0,
573.29968,1.0,,1.0,
573.29969,1.0,,0.0,
573.29971,0.0,,0.0,
573.29972,1.0,,0.0,
573.29973,1.0,,1.0,
573.29974,1.0,,0.0,
573.29975,0.0,,0.0,
573.29976,0.0,,0.0,
573.29977,1.0,,0.0,
573.29978,1.0,,1.0,
573.29979,1.0,,0.0,
573.29981,1.0,,0.0,
573.29982,1.0,,0.0,
573.29983,0.0,,0.0,
573.29984,1.0,,0.0,
573.29985,1.0,,0.0,
573.29986,0.0,,0.0,
573.29987,1.0,,0.0,
573.29988,1.0,,0.0,
573.29989,0.0,,0.0,
573.29991,0.0,,1.0,
573.29992,1.0,,0.0,
573.29993,1.0,,1.0,
573.29994,1.0,,0.0,
573.29995,0.0,,0.0,
573.29996,1.0,,0.0,
573.29997,1.0,,0.0,
573.29998,1.0,,0.0,
573.29999,0.0,,0.0,
573.30001,1.0,,0.0,
573.30002,0.0,,0.0,
573.30003,0.0,,0.0,
573.30004,1.0,,0.0,
573.30005,1.0,,0.0,
573.30006,1.0,,0.0,
573.30007,1.0,,0.0,
573.30008,1.0,,0.0,
573.30009,1.0,,0.0,
573.30011,1.0,,0.0,
573.30012,1.0,,0.0,
573.30013,1.0,,0.0,
573.30014,0.0,,0.0,
573.30015,1.0,,0.0,
573.30016,0.0,,0.0,
573.30017,1.0,,0.0,
573.31061,,1.0,,
573.31062,,1.0,,
573.31063,,0.0,,
573.31064,,1.0,,
573.31067,,1.0,,
573.31068,,0.0,,
573.31069,,0.0,,
573.31071,,0.0,,
573.31072,,1.0,,
573.31073,,0.0,,
573.31074,,1.0,,
573.31075,,0.0,,
573.31076,,0.0,,
573.31077,,1.0,,
573.31078,,0.0,,
573.31079,,0.0,,
573.31081,,0.0,,
573.31082,,0.0,,
573.31083,,0.0,,
573.31084,,0.0,,
573.33391,1.0,,,1.0
573.33392,1.0,,,1.0
573.33393,1.0,,,1.0
573.33394,1.0,,,1.0
573.33395,1.0,,,1.0
573.33396,1.0,,,1.0
573.33397,1.0,,,1.0
573.33398,1.0,,,1.0
573.33399,1.0,,,1.0
573.33401,1.0,,,1.0
573.33402,1.0,,,1.0
573.33403,1.0,,,1.0
573.33404,1.0,,,1.0
573.33405,1.0,,,1.0
573.33406,1.0,,,1.0
573.33407,1.0,,,1.0
573.33408,1.0,,,1.0
573.33409,1.0,,,1.0
573.33411,1.0,,,1.0
573.33412,1.0,,,1.0
573.33413,1.0,,,1.0
573.33414,1.0,,,0.0
573.33415,1.0,,,1.0
573.33416,1.0,,,1.0
573.33417,1.0,,,1.0
573.33418,1.0,,,1.0
573.33419,1.0,,,1.0
573.33421,1.0,,,1.0
573.33422,1.0,,,1.0
573.34234,0.0,0.0,,0.0
573.34237,1.0,0.0,,0.0
573.34239,0.0,0.0,,1.0
573.34246,0.0,0.0,,0.0
573.34248,0.0,0.0,,0.0
573.34252,0.0,0.0,,0.0
573.34254,0.0,0.0,,0.0
573.34255,1.0,0.0,,0.0
573.34261,0.0,0.0,,0.0
573.34262,0.0,0.0,,0.0
573.34278,0.0,0.0,,1.0
573.34283,0.0,0.0,,0.0
573.34284,0.0,0.0,,0.0
573.34294,0.0,0.0,,0.0
573.34297,0.0,0.0,,0.0
573.34302,0.0,0.0,,0.0
573.35513,0.0,0.0,,0.0
573.46064,0.0,0.0,,0.0
573.46065,0.0,0.0,,0.0
573.46066,0.0,0.0,,0.0
573.46067,0.0,0.0,,0.0
573.46068,0.0,1.0,,1.0
573.46069,0.0,1.0,,1.0
573.46071,0.0,1.0,,1.0
573.46072,0.0,1.0,,1.0
573.46073,0.0,0.0,,1.0
573.46074,0.0,1.0,,1.0
573.46075,0.0,1.0,,1.0
573.46076,1.0,0.0,,0.0
573.46077,0.0,0.0,,0.0
573.46078,0.0,0.0,,0.0
573.46079,0.0,0.0,,0.0
573.46081,0.0,0.0,,0.0
573.46082,0.0,0.0,,0.0
573.46083,0.0,0.0,,0.0
573.46084,0.0,0.0,,0.0
573.46085,0.0,0.0,,0.0
573.46087,0.0,0.0,,0.0
573.46088,0.0,0.0,,0.0
573.46089,0.0,0.0,,0.0
573.46091,0.0,0.0,,0.0
573.46092,0.0,0.0,,0.0
573.46093,0.0,0.0,,0.0
573.46094,0.0,0.0,,0.0
573.46095,0.0,0.0,,0.0
573.46096,0.0,0.0,,0.0
573.46097,0.0,0.0,,0.0
573.46098,0.0,0.0,,0.0
573.46099,0.0,0.0,,0.0
573.46101,0.0,0.0,,0.0
573.46102,0.0,0.0,,0.0
573.46103,0.0,0.0,,0.0
573.46104,0.0,0.0,,0.0
573.46105,0.0,0.0,,0.0
573.46107,0.0,0.0,,0.0
573.46108,0.0,0.0,,0.0
573.46109,0.0,0.0,,0.0
573.46112,0.0,0.0,,0.0
573.46113,0.0,0.0,,0.0
573.46114,0.0,0.0,,0.0
573.46115,0.0,0.0,,0.0
573.46116,0.0,0.0,,0.0
573.46117,0.0,0.0,,0.0
573.46118,0.0,0.0,,0.0
573.46119,0.0,0.0,,0.0
573.46829,1.0,1.0,0.0,1.0
573.46831,0.0,1.0,0.0,1.0
573.46832,1.0,1.0,0.0,1.0
573.46833,1.0,1.0,0.0,1.0
573.46834,0.0,1.0,0.0,1.0
573.46835,1.0,1.0,0.0,1.0
573.46836,1.0,1.0,0.0,1.0
573.46837,0.0,1.0,0.0,1.0
573.46838,1.0,1.0,0.0,1.0
573.46839,0.0,1.0,0.0,1.0
573.46841,1.0,1.0,0.0,1.0
573.46842,1.0,1.0,0.0,1.0
573.46843,1.0,1.0,0.0,1.0
573.46844,1.0,1.0,1.0,1.0
573.46845,1.0,1.0,0.0,1.0
573.46846,1.0,1.0,0.0,1.0
573.46847,1.0,1.0,0.0,1.0
573.46848,1.0,1.0,0.0,1.0
573.46849,1.0,1.0,0.0,1.0
573.46851,1.0,1.0,1.0,1.0
573.46852,1.0,1.0,1.0,1.0
573.46853,1.0,1.0,0.0,1.0
573.46854,1.0,1.0,0.0,1.0
573.46855,1.0,1.0,0.0,1.0
573.46856,1.0,1.0,0.0,1.0
573.46857,1.0,1.0,0.0,1.0
573.46858,1.0,1.0,0.0,1.0
573.46859,1.0,1.0,0.0,1.0
573.46861,1.0,1.0,0.0,1.0
573.46862,1.0,1.0,1.0,1.0
573.46863,1.0,1.0,0.0,1.0
573.46864,1.0,1.0,0.0,1.0
573.46865,1.0,1.0,0.0,1.0
573.46866,1.0,1.0,0.0,1.0
573.46867,1.0,1.0,0.0,1.0
573.46868,1.0,1.0,0.0,1.0
573.46869,1.0,1.0,0.0,1.0
573.46871,1.0,1.0,1.0,1.0
573.46872,1.0,1.0,0.0,1.0
573.46873,1.0,1.0,0.0,1.0
573.46874,1.0,1.0,0.0,1.0
573.46875,0.0,1.0,0.0,1.0
573.46876,1.0,1.0,0.0,1.0
573.46877,1.0,1.0,0.0,1.0
573.5623,,1.0,1.0,1.0
573.5624,1.0,1.0,1.0,1.0
573.5636,1.0,1.0,1.0,1.0
573.5638,0.0,1.0,1.0,1.0
573.5644,0.0,1.0,1.0,1.0
573.5645,1.0,1.0,1.0,1.0
573.5646,1.0,1.0,1.0,1.0
573.5647,1.0,1.0,1.0,1.0
573.5649,0.0,1.0,,
573.5658,0.0,,,
573.5661,0.0,,,
573.5663,0.0,1.0,,1.0
573.5665,0.0,1.0,,1.0
573.5672,0.0,1.0,,1.0
573.5673,0.0,1.0,,0.0
573.5676,0.0,0.0,,0.0
573.5677,0.0,1.0,,
573.5678,0.0,1.0,,1.0
573.5679,0.0,1.0,,1.0
573.5681,0.0,1.0,,1.0
573.5682,0.0,,,1.0
573.5683,0.0,0.0,,0.0
573.5684,0.0,0.0,,1.0
573.5687,1.0,1.0,,1.0
573.5691,0.0,0.0,,0.0
573.5692,0.0,1.0,,1.0
573.5694,0.0,0.0,,0.0
573.5695,0.0,1.0,,
573.5697,1.0,1.0,,1.0
573.5698,0.0,1.0,,1.0
573.5701,0.0,,,1.0
573.5702,0.0,0.0,,0.0
573.5705,0.0,1.0,,1.0
573.5706,0.0,0.0,,1.0
573.5707,0.0,0.0,,0.0
573.5709,0.0,,,0.0
573.5711,0.0,0.0,,0.0
573.5712,0.0,1.0,,0.0
573.5716,0.0,1.0,,1.0
573.5717,0.0,0.0,,
573.5719,1.0,0.0,,1.0
573.5722,0.0,0.0,,
573.5724,0.0,0.0,,0.0
573.5726,0.0,0.0,,1.0
573.5763,,1.0,1.0,1.0
573.5764,,1.0,1.0,1.0
573.5765,,1.0,1.0,1.0
573.5766,1.0,1.0,1.0,1.0
573.5767,1.0,1.0,1.0,1.0
573.5768,,1.0,1.0,1.0
573.5769,1.0,1.0,1.0,1.0
573.5777,,1.0,1.0,1.0
573.5778,1.0,1.0,1.0,1.0
573.5779,0.0,1.0,1.0,1.0
573.5781,0.0,1.0,1.0,1.0
573.5793,0.0,1.0,,
573.5794,0.0,1.0,,1.0
573.5795,0.0,1.0,,
573.5796,0.0,0.0,,1.0
573.5797,0.0,1.0,,1.0
573.5798,1.0,,,1.0
573.5799,0.0,0.0,,
573.5801,0.0,,,1.0
573.5802,0.0,1.0,,0.0
573.5803,0.0,,,
573.5804,0.0,0.0,,0.0
573.5805,0.0,1.0,,1.0
573.5806,0.0,,,
573.5807,0.0,1.0,,1.0
573.5808,0.0,1.0,,1.0
573.5809,0.0,1.0,,0.0
573.5811,0.0,1.0,,1.0
573.5812,0.0,,,
573.5813,0.0,1.0,,0.0
573.5814,0.0,,,0.0
573.5815,0.0,1.0,,1.0
573.5816,0.0,1.0,,
573.5817,0.0,1.0,,1.0
573.5818,0.0,,,
573.5819,0.0,1.0,,
573.5821,0.0,0.0,,
573.5822,0.0,0.0,,
573.5823,0.0,1.0,,1.0
573.5824,0.0,0.0,,1.0
573.5825,0.0,0.0,,
573.5826,0.0,0.0,,
573.5827,0.0,0.0,,0.0
573.5828,0.0,0.0,,0.0
573.65893,0.0,0.0,,
573.65896,,0.0,,
573.66101,0.0,,,1.0
573.66102,,,,1.0
573.66103,0.0,,,1.0
573.66104,0.0,,,1.0
573.66105,0.0,,,1.0
573.66106,0.0,,,1.0
573.66107,0.0,,,1.0
573.66108,0.0,,,1.0
573.66109,0.0,,,1.0
573.66111,1.0,,,1.0
573.66112,0.0,,,1.0
573.66113,0.0,,,1.0
573.66114,1.0,,,1.0
573.66115,1.0,,,1.0
573.66116,1.0,,,1.0
573.66117,1.0,,,1.0
573.66118,0.0,,,1.0
573.66119,0.0,,,1.0
573.66121,0.0,,,1.0
573.66122,0.0,,,1.0
573.66123,0.0,,,1.0
573.66124,0.0,,,1.0
573.66125,0.0,,,1.0
573.66126,0.0,,,1.0
573.66127,1.0,,,1.0
573.66128,0.0,,,1.0
573.66129,0.0,,,1.0
573.66131,0.0,,,1.0
573.66132,0.0,,,1.0
573.66133,0.0,,,1.0
573.66134,0.0,,,1.0
573.66135,0.0,,,1.0
573.66136,0.0,,,1.0
573.66137,0.0,,,1.0
573.66138,0.0,,,1.0
573.66139,0.0,,,1.0
573.66141,0.0,,,1.0
573.66142,0.0,,,1.0
573.66143,0.0,,,1.0
573.66144,0.0,,,1.0
573.66145,0.0,,,1.0
573.66146,0.0,,,1.0
573.66147,0.0,,,1.0
573.66148,1.0,,,1.0
573.66149,0.0,,,1.0
573.66151,1.0,,,1.0
573.66152,0.0,,,1.0
573.66153,1.0,,,1.0
573.66154,1.0,,,1.0
573.66155,0.0,,,1.0
573.66156,0.0,,,1.0
573.66157,0.0,,,1.0
573.66158,0.0,,,1.0
573.66159,1.0,,,1.0
573.66161,0.0,,,1.0
573.66162,0.0,,,1.0
573.66163,,,,1.0
573.66164,0.0,,,1.0
573.66165,0.0,,,1.0
573.66166,0.0,,,1.0
573.66167,,,,1.0
573.66168,1.0,,,1.0
573.66169,0.0,,,1.0
573.66171,0.0,,,1.0
573.66186,0.0,,,1.0
573.66212,0.0,,,
573.66213,0.0,,,
573.66214,0.0,,,
573.66215,0.0,,,
573.66216,0.0,,,
573.66217,0.0,,,
573.66218,0.0,,,
573.66219,0.0,,,
573.66221,0.0,,,
573.66223,0.0,,,
573.66228,1.0,,,
573.66231,1.0,,,
573.66232,1.0,,,
573.66233,0.0,,,
573.66234,0.0,,,
573.66235,1.0,,,
573.66237,1.0,,,
573.66239,1.0,,,
573.66241,0.0,,,
573.66242,0.0,,,
573.66243,1.0,,,
573.66244,0.0,,,
573.66245,0.0,,,
573.66249,0.0,,,
573.66252,1.0,,,
573.66253,0.0,,,
573.66255,0.0,,,
573.66256,0.0,,,
573.66258,0.0,,,
573.66262,1.0,,,
573.66263,0.0,,,
573.66264,1.0,,,
573.66265,0.0,,,
573.66267,0.0,,,
573.66268,0.0,,,
573.66273,0.0,,,
573.66274,0.0,,,
573.66275,0.0,,,
573.66277,0.0,,,
573.66279,0.0,,,
573.66281,0.0,,,
573.66283,0.0,,,
573.66284,0.0,,,
573.66286,0.0,,,
573.66287,0.0,,,
573.66289,0.0,,,
573.66291,1.0,,,
573.66292,0.0,,,
573.66295,0.0,,,
573.66296,0.0,,,
573.66297,0.0,,,
573.66298,0.0,,,
573.66299,0.0,,,
573.66301,0.0,,,
573.66302,0.0,,,
573.66303,0.0,,,
573.66304,0.0,,,
573.66305,0.0,,,
573.66306,0.0,,,
573.66311,1.0,,,
573.66312,0.0,,,
573.66313,1.0,,,
573.66315,1.0,,,
573.66321,0.0,,,
573.66322,0.0,,,
573.66324,1.0,,,
573.66325,1.0,,,
573.66327,0.0,,,
573.66328,0.0,,,
573.66329,1.0,,,
573.66334,1.0,,,
573.66336,0.0,,,
573.66337,0.0,,,
573.66338,0.0,,,
573.66341,1.0,,,
573.66342,0.0,,,
573.66343,0.0,,,
573.66344,0.0,,,
573.66345,0.0,,,
573.66346,1.0,,,
573.66347,0.0,,,
573.66348,0.0,,,
573.66349,1.0,,,
573.66352,0.0,,,
573.66353,1.0,,,
573.66354,1.0,,,
573.66355,0.0,,,
573.66356,1.0,,,
573.66357,1.0,,,
573.66358,1.0,,,
573.66359,1.0,,,
573.66361,0.0,,,
573.66364,1.0,,,
573.66365,1.0,,,
573.66366,1.0,,,
573.66367,0.0,,,
573.66368,0.0,,,
573.66369,0.0,,,
573.66371,0.0,,,
573.66372,0.0,,,
573.66373,1.0,,,
573.66375,0.0,,,
573.66376,0.0,,,
573.66377,1.0,,,
573.66378,0.0,,,
573.66383,0.0,,,
573.66388,0.0,,,
573.66391,0.0,,,
573.66393,0.0,,,
573.66394,0.0,,,
573.66395,0.0,,,
573.66396,0.0,,,
573.66397,1.0,,,
573.66398,1.0,,,
573.66399,1.0,,,
573.66401,0.0,,,
573.66402,0.0,,,
573.66403,0.0,,,
573.66404,1.0,,,
573.66406,0.0,,,
573.66407,0.0,,,
573.66408,0.0,,,
573.66409,0.0,,,
573.66411,0.0,,,
573.66412,0.0,,,
573.66413,0.0,,,
573.66414,0.0,,,
573.66415,0.0,,,
573.66416,0.0,,,
573.66417,0.0,,,
573.66418,0.0,,,
573.66419,1.0,,,
573.66423,0.0,,,
573.66424,0.0,,,
573.66425,0.0,,,
573.66426,0.0,,,
573.66427,0.0,,,
573.66428,0.0,,,
573.66429,0.0,,,
573.66431,0.0,,,
573.66432,1.0,,,
573.66433,0.0,,,
573.66434,0.0,,,
573.66435,0.0,,,
573.66436,0.0,,,
573.66437,1.0,,,
573.66439,0.0,,,
573.66441,1.0,,,
573.66442,0.0,,,
573.66443,0.0,,,
573.66444,0.0,,,
573.66445,0.0,,,
573.66448,0.0,,,
573.66449,1.0,,,
573.66452,0.0,,,
573.66453,0.0,,,
573.66454,1.0,,,
573.66455,0.0,,,
573.66456,0.0,,,
573.66457,0.0,,,
573.66458,0.0,,,
573.66459,0.0,,,
573.66461,0.0,,,
573.66462,0.0,,,
573.66463,0.0,,,
573.66464,0.0,,,
573.66467,0.0,,,
573.66468,0.0,,,
573.66469,1.0,,,
573.66471,0.0,,,
573.66472,0.0,,,
573.66473,0.0,,,
573.66475,0.0,,,
573.66476,0.0,,,
573.66479,0.0,,,
573.66481,0.0,,,
573.66482,0.0,,,
573.66484,0.0,,,
573.66486,0.0,,,
573.66487,1.0,,,
573.66488,0.0,,,
573.66489,0.0,,,
573.66491,1.0,,,
573.66492,0.0,,,
573.66493,1.0,,,
573.66494,0.0,,,
573.66495,0.0,,,
573.66496,0.0,,,
573.66497,0.0,,,
573.66498,0.0,,,
573.66499,0.0,,,
573.66503,0.0,,,
573.66504,1.0,,,
573.66505,0.0,,,
573.66508,0.0,,,
573.66509,0.0,,,
573.66511,0.0,,,
573.66512,0.0,,,
573.66513,0.0,,,
573.66514,0.0,,,
573.66515,0.0,,,
573.66516,0.0,,,
573.66518,0.0,,,
573.66521,1.0,,,
573.66522,0.0,,,
573.66524,0.0,,,
573.66525,0.0,,,
573.66526,0.0,,,
573.66527,1.0,,,
573.66528,0.0,,,
573.66529,0.0,,,
573.66531,0.0,,,
573.66532,0.0,,,
573.66534,0.0,,,
573.66536,0.0,,,
573.66538,0.0,,,
573.66539,0.0,,,
573.66541,0.0,,,
573.66542,0.0,,,
573.66543,0.0,,,
573.66544,0.0,,,
573.66545,0.0,,,
573.66546,0.0,,,
573.66547,0.0,,,
573.66548,0.0,,,
573.66549,0.0,,,
573.66551,0.0,,,
573.66555,0.0,,,
573.66557,0.0,,,
573.66559,0.0,,,
573.66562,0.0,,,
573.66563,0.0,,,
573.66564,0.0,,,
573.66571,0.0,,,
573.66584,0.0,,,
573.67178,,,,1.0
573.67181,,,,1.0
573.67182,,,,1.0
573.67183,1.0,,,1.0
573.67184,,,,1.0
573.67185,,,,1.0
573.67186,,,,1.0
573.67187,,,,1.0
573.67188,,,,1.0
573.67189,,,,1.0
573.67191,,,,1.0
573.67192,,,,1.0
573.67193,0.0,,,1.0
573.67194,0.0,,,1.0
573.67195,0.0,,,1.0
573.67196,,,,1.0
573.67197,,,,1.0
573.67198,0.0,,,1.0
573.67199,0.0,,,1.0
573.67201,0.0,,,
573.67202,0.0,,,1.0
573.67203,,,,1.0
573.67204,,,,1.0
573.67205,0.0,,,1.0
573.67206,0.0,,,1.0
573.67207,0.0,,,1.0
573.67208,0.0,,,1.0
573.67209,,,,1.0
573.67211,0.0,,,1.0
573.67212,0.0,,,1.0
573.67213,,,,1.0
573.67214,,,,1.0
573.67215,,,,1.0
573.67216,,,,1.0
573.67217,,,,1.0
573.67218,,,,1.0
573.67219,,,,1.0
573.67221,,,,1.0
573.67222,,,,1.0
573.67223,,,,1.0
573.67224,,,,1.0
573.67225,,,,1.0
573.67226,,,,1.0
573.67227,,,,1.0
573.67228,,,,1.0
573.67229,,,,1.0
573.67231,,,,1.0
573.67232,0.0,,,1.0
573.67233,,,,1.0
573.67234,,,,1.0
573.67235,,,,1.0
573.67236,,,,1.0
573.67237,,,,1.0
573.67238,,,,1.0
573.67239,,,,1.0
573.67241,,,,1.0
573.67242,,,,1.0
573.67243,,,,1.0
573.67244,,,,1.0
573.67245,0.0,,,1.0
573.67246,,,,1.0
573.67247,,,,1.0
573.67248,,,,1.0
573.67249,,,,1.0
573.67251,,,,1.0
573.67252,0.0,,,1.0
573.67253,,,,1.0
573.67254,0.0,,,1.0
573.67255,0.0,,,1.0
573.67256,,,,1.0
573.67257,,,,1.0
573.67258,,,,1.0
573.67259,0.0,,,1.0
573.67261,,,,1.0
573.67262,,,,1.0
573.67263,,,,1.0
573.67264,,,,1.0
573.67265,0.0,,,1.0
573.67266,,,,1.0
573.67267,0.0,,,1.0
573.67268,0.0,,,1.0
573.67269,,,,1.0
573.67271,,,,1.0
573.67272,,,,1.0
573.67273,0.0,,,1.0
573.67274,0.0,,,1.0
573.67275,,,,1.0
573.67276,0.0,,,1.0
573.67277,,,,1.0
573.67278,0.0,,,1.0
573.67279,0.0,,,1.0
573.67281,,,,1.0
573.67282,0.0,,,1.0
573.67283,0.0,,,1.0
573.67284,,,,1.0
573.67285,,,,1.0
573.67286,0.0,,,1.0
573.67287,,,,1.0
573.67288,,,,1.0
573.67289,0.0,,,
573.67291,0.0,,,1.0
573.67292,,,,1.0
573.67293,,,,1.0
573.67294,,,,1.0
573.67295,,,,1.0
573.67296,,,,1.0
573.67297,,,,1.0
573.67298,,,,1.0
573.67299,,,,1.0
573.67301,,,,1.0
573.67302,,,,1.0
573.67303,,,,1.0
573.67304,,,,1.0
573.67305,,,,1.0
573.67306,,,,1.0
573.67307,,,,1.0
573.67308,,,,1.0
573.67309,,,,1.0
573.67311,,,,1.0
573.67312,,,,1.0
573.67313,,,,1.0
573.67314,,,,1.0
573.67315,,,,1.0
573.67316,,,,1.0
573.67317,,,,1.0
573.67318,,,,1.0
573.67319,0.0,,,1.0
573.67321,0.0,,,1.0
573.67322,1.0,,,1.0
573.67323,0.0,,,1.0
573.67324,,,,1.0
573.67325,,,,1.0
573.67326,,,,1.0
573.67327,,,,1.0
573.67328,,,,1.0
573.67329,,,,1.0
573.67331,,,,1.0
573.67332,,,,1.0
573.67333,0.0,,,1.0
573.67334,0.0,,,1.0
573.67335,,,,1.0
573.67336,,,,1.0
573.67337,,,,1.0
573.67338,,,,1.0
573.67339,0.0,,,1.0
573.67341,0.0,,,1.0
573.67674,0.0,,,1.0
573.67678,0.0,,,1.0
573.7022,0.0,1.0,,1.0
573.7023,0.0,1.0,,1.0
573.7024,0.0,1.0,,1.0
573.7025,0.0,1.0,,1.0
573.7026,0.0,1.0,,1.0
573.7027,0.0,1.0,,1.0
573.7028,0.0,1.0,,1.0
573.7029,,1.0,,1.0
573.7031,1.0,1.0,,1.0
573.7032,1.0,1.0,,1.0
573.7033,0.0,1.0,,1.0
573.7096,0.0,0.0,,0.0
573.7362,1.0,1.0,,1.0
573.9721,0.0,1.0,,1.0
573.9722,1.0,1.0,,1.0
573.9723,0.0,1.0,,1.0
573.9724,,1.0,,1.0
574.26,1.0,1.0,,
574.27,1.0,1.0,,1.0
72407.2889,1.0,1.0,,1.0
72407.2891,0.0,1.0,,1.0
72407.2892,1.0,1.0,,1.0
72407.2893,1.0,1.0,,1.0
72407.2894,0.0,1.0,,1.0
72407.2895,0.0,1.0,,1.0
72407.2896,0.0,1.0,,1.0
72407.2897,0.0,1.0,,1.0
72407.2898,1.0,1.0,,1.0
72407.2899,0.0,1.0,,1.0
72407.477,0.0,1.0,,
72407.478,0.0,1.0,,1.0
72407.479,0.0,1.0,,0.0
72407.481,0.0,1.0,,1.0
72407.482,0.0,1.0,,
72407.483,0.0,1.0,,1.0
72407.484,1.0,1.0,,1.0
72407.485,1.0,1.0,,1.0
72407.486,1.0,1.0,,1.0
72407.487,1.0,1.0,,1.0
72407.488,1.0,1.0,,0.0
72407.489,0.0,1.0,,1.0
72407.491,1.0,1.0,,1.0
72407.492,1.0,1.0,,1.0
72407.493,1.0,1.0,,1.0
72407.494,1.0,1.0,,1.0
72407.495,0.0,1.0,,
72407.496,0.0,1.0,,0.0
72407.497,1.0,1.0,,1.0
72407.498,1.0,1.0,,1.0
72407.499,0.0,1.0,,1.0
72407.501,0.0,0.0,,1.0
72407.502,0.0,1.0,,
72407.503,1.0,1.0,,1.0
72407.504,1.0,1.0,,1.0
72407.505,1.0,1.0,,0.0
72407.506,1.0,1.0,,1.0
72407.507,0.0,1.0,,1.0
72407.508,1.0,1.0,,1.0
72407.509,1.0,1.0,,1.0
72407.511,1.0,1.0,,1.0
72407.512,0.0,1.0,,
72407.513,0.0,1.0,,1.0
72407.514,1.0,1.0,,1.0
72407.515,0.0,1.0,,1.0
72407.516,0.0,1.0,,
72407.517,0.0,1.0,,0.0
72407.518,0.0,1.0,,
72407.519,1.0,1.0,,
72407.521,1.0,1.0,,1.0
72407.522,0.0,1.0,,0.0
72407.523,0.0,1.0,,0.0
72407.524,1.0,1.0,,1.0
72407.525,0.0,1.0,,
72407.526,0.0,1.0,,
72407.527,0.0,1.0,,1.0
72407.528,0.0,1.0,,1.0
72407.529,0.0,1.0,,0.0
72407.531,1.0,1.0,,1.0
72407.532,1.0,1.0,,1.0
72407.533,1.0,1.0,,1.0
72407.534,0.0,1.0,,1.0
72407.535,0.0,1.0,,0.0
72407.536,0.0,1.0,,1.0
72407.537,0.0,1.0,,1.0
72407.538,1.0,1.0,,1.0
72407.539,1.0,1.0,,1.0
72407.541,1.0,1.0,,1.0
72407.542,0.0,1.0,,0.0
72407.543,1.0,1.0,,1.0
72407.544,1.0,1.0,,1.0
72407.545,1.0,1.0,,1.0
72407.546,0.0,1.0,,0.0
72407.547,0.0,1.0,,0.0
72407.548,0.0,1.0,,1.0
72407.549,1.0,1.0,,1.0
72407.551,1.0,1.0,,1.0
72407.552,0.0,1.0,,0.0
72407.553,0.0,1.0,,1.0
72407.554,0.0,1.0,,1.0
72407.555,1.0,1.0,,1.0
72407.556,0.0,1.0,,1.0
72407.557,1.0,1.0,,
72407.558,1.0,1.0,,1.0
72407.559,1.0,1.0,,1.0
72407.561,1.0,1.0,,1.0
72407.562,0.0,1.0,,0.0
72407.563,0.0,1.0,,
72407.564,0.0,1.0,,0.0
72407.565,1.0,1.0,,1.0
72407.566,1.0,1.0,,1.0
72407.567,0.0,1.0,,0.0
72407.568,0.0,1.0,,1.0
72407.569,1.0,1.0,,1.0
72407.571,1.0,1.0,,1.0
72407.572,0.0,1.0,,1.0
72407.573,0.0,1.0,,1.0
72407.574,1.0,1.0,,1.0
72407.575,1.0,1.0,,1.0
72407.576,1.0,1.0,,1.0
72407.577,1.0,1.0,,1.0
72407.578,0.0,1.0,,1.0
72407.579,1.0,1.0,,1.0
72407.581,1.0,1.0,,1.0
72407.582,0.0,1.0,,
72407.583,0.0,1.0,,
72407.584,0.0,1.0,,0.0
72407.585,0.0,1.0,,1.0
72407.586,1.0,1.0,,1.0
72407.587,0.0,1.0,,1.0
72407.588,0.0,1.0,,
72407.589,1.0,1.0,,1.0
72407.591,1.0,1.0,,1.0
72407.592,1.0,1.0,,1.0
72407.593,0.0,1.0,,1.0
72407.594,0.0,0.0,,0.0
72407.595,0.0,1.0,,0.0
72407.596,1.0,1.0,,
72407.597,0.0,1.0,,
72407.693,1.0,1.0,,1.0
72407.698,1.0,1.0,,
