genome_id,bioproject,Amikacin,Cefepime,Fosfomycin,Piperacillin_Tazobactam
573.1381,PRJEB6543,0.0,1.0,,1.0
573.13816,PRJNA376414,0.0,1.0,,1.0
573.13817,PRJNA376414,0.0,1.0,,0.0
573.13818,PRJNA376414,0.0,1.0,,0.0
573.13819,PRJNA376414,0.0,1.0,,1.0
573.1382,PRJEB6543,0.0,1.0,,1.0
573.13821,PRJNA376414,0.0,1.0,,1.0
573.13823,PRJNA376414,0.0,1.0,,
573.13824,PRJNA376414,,,,0.0
573.13825,PRJNA376414,0.0,1.0,,
573.13826,PRJNA376414,0.0,1.0,,0.0
573.13827,PRJNA376414,0.0,1.0,,1.0
573.13828,PRJNA376414,0.0,1.0,,1.0
573.13829,PRJNA376414,,0.0,,1.0
573.1383,PRJEB6543,0.0,0.0,,1.0
573.13831,PRJNA376414,0.0,1.0,,1.0
573.13832,PRJNA376414,0.0,1.0,,0.0
573.13833,PRJNA376414,0.0,1.0,,0.0
573.13834,PRJNA376414,0.0,0.0,,1.0
573.13836,PRJNA376414,0.0,,,1.0
573.13838,PRJNA376414,,0.0,,
573.13839,PRJNA376414,0.0,1.0,,1.0
573.1384,PRJEB6543,,1.0,,1.0
573.13841,PRJNA376414,0.0,,,0.0
573.13842,PRJNA376414,0.0,1.0,,1.0
573.13843,Unknown,0.0,1.0,,0.0
573.13844,Unknown,0.0,0.0,,1.0
573.13845,Unknown,0.0,0.0,,1.0
573.13846,Unknown,0.0,1.0,,1.0
573.13847,Unknown,0.0,1.0,,1.0
573.13848,Unknown,0.0,1.0,,
573.13849,Unknown,1.0,1.0,,1.0
573.1385,Unknown,,1.0,,1.0
573.13851,Unknown,0.0,,,1.0
573.13852,Unknown,,1.0,,1.0
573.13853,Unknown,0.0,0.0,,1.0
573.13854,Unknown,0.0,,,1.0
573.13855,Unknown,0.0,0.0,,1.0
573.13856,Unknown,0.0,,,
573.13857,Unknown,0.0,1.0,,0.0
573.13858,Unknown,0.0,1.0,,1.0
573.13859,Unknown,0.0,1.0,,
573.1386,Unknown,0.0,,,0.0
573.13861,Unknown,1.0,1.0,,1.0
573.13862,Unknown,,,,1.0
573.13863,Unknown,0.0,1.0,,1.0
573.13864,Unknown,0.0,1.0,,1.0
573.13865,Unknown,0.0,0.0,,1.0
573.13866,Unknown,0.0,1.0,,1.0
573.13867,Unknown,,1.0,,1.0
573.13868,Unknown,0.0,0.0,,0.0
573.13869,Unknown,0.0,1.0,,1.0
573.1387,Unknown,0.0,1.0,,0.0
573.13871,Unknown,0.0,,,0.0
573.13872,Unknown,0.0,1.0,,1.0
573.13873,Unknown,0.0,1.0,,1.0
573.13874,Unknown,0.0,1.0,,0.0
573.13875,Unknown,0.0,1.0,,0.0
573.13876,Unknown,0.0,0.0,,0.0
573.13878,Unknown,0.0,,,0.0
573.13879,Unknown,0.0,1.0,,1.0
573.1388,Unknown,0.0,1.0,,0.0
573.13881,Unknown,0.0,1.0,,1.0
573.13882,Unknown,0.0,1.0,,0.0
573.13883,Unknown,0.0,,,1.0
573.13884,Unknown,0.0,1.0,,0.0
573.13885,Unknown,0.0,1.0,,0.0
573.13886,Unknown,0.0,,,1.0
573.13887,Unknown,0.0,1.0,,1.0
573.13888,Unknown,0.0,,,0.0
573.13889,Unknown,0.0,1.0,,0.0
573.1389,Unknown,0.0,,,0.0
573.13891,Unknown,0.0,0.0,,0.0
573.13892,Unknown,0.0,1.0,,0.0
573.13893,Unknown,,1.0,,1.0
573.13894,Unknown,0.0,0.0,,1.0
573.13895,Unknown,1.0,0.0,,0.0
573.13896,Unknown,,,,1.0
573.13897,Unknown,0.0,1.0,,1.0
573.13898,Unknown,0.0,1.0,,1.0
573.13899,Unknown,0.0,0.0,,0.0
573.13901,Unknown,0.0,1.0,,0.0
573.13902,Unknown,0.0,,,0.0
573.13903,Unknown,0.0,1.0,,0.0
573.13904,Unknown,,1.0,,1.0
573.13905,Unknown,0.0,1.0,,1.0
573.13906,Unknown,0.0,,,1.0
573.13907,Unknown,0.0,1.0,,1.0
573.13908,Unknown,0.0,1.0,,1.0
573.13909,Unknown,0.0,1.0,,1.0
573.1391,Unknown,0.0,,,0.0
573.13911,Unknown,0.0,1.0,,1.0
573.13912,Unknown,0.0,1.0,,1.0
573.13913,Unknown,0.0,1.0,,1.0
573.13914,Unknown,0.0,,,0.0
573.13915,Unknown,0.0,,,1.0
573.13916,Unknown,0.0,1.0,,1.0
573.13917,Unknown,,1.0,,1.0
573.13918,Unknown,0.0,1.0,,1.0
573.13919,Unknown,0.0,1.0,,1.0
573.1392,PRJEB6543,,1.0,,1.0
573.13921,PRJNA376414,0.0,1.0,,1.0
573.13922,PRJNA376414,0.0,1.0,,1.0
573.13923,PRJNA376414,,1.0,,1.0
573.13924,PRJNA376414,0.0,1.0,,0.0
573.13925,PRJNA376414,0.0,,,1.0
573.13926,PRJNA376414,,1.0,,1.0
573.13927,PRJNA376414,0.0,1.0,,0.0
573.13928,PRJNA376414,0.0,0.0,,0.0
573.13929,PRJNA376414,0.0,1.0,,
573.1393,PRJEB6543,0.0,1.0,,1.0
573.13931,PRJNA376414,,1.0,,1.0
573.13932,PRJNA376414,0.0,1.0,,1.0
573.13933,PRJNA376414,,1.0,,
573.13934,PRJNA376414,0.0,1.0,,0.0
573.13935,PRJNA376414,0.0,1.0,,
573.13936,PRJNA376414,0.0,0.0,,0.0
573.13937,PRJNA376414,,1.0,,1.0
573.13938,PRJNA376414,0.0,1.0,,1.0
573.13939,PRJNA376414,,1.0,,1.0
573.1394,PRJEB6543,,,,1.0
573.13941,PRJNA376414,0.0,1.0,,1.0
573.13942,PRJNA376414,,,,1.0
573.13943,PRJNA376414,0.0,,,1.0
573.13944,PRJNA376414,0.0,0.0,,1.0
573.13945,Unknown,0.0,1.0,,1.0
573.13947,Unknown,0.0,0.0,,1.0
573.13948,Unknown,,0.0,,1.0
573.13949,Unknown,0.0,1.0,,0.0
573.1395,Unknown,0.0,1.0,,
573.13951,Unknown,,1.0,,1.0
573.13952,Unknown,0.0,1.0,,1.0
573.13953,Unknown,,1.0,,1.0
573.13954,Unknown,0.0,0.0,,1.0
573.13955,Unknown,0.0,,,1.0
573.13956,Unknown,0.0,0.0,,1.0
573.13957,Unknown,0.0,1.0,,1.0
573.13958,Unknown,0.0,1.0,,1.0
573.13959,Unknown,0.0,0.0,,
573.1396,Unknown,,1.0,,1.0
573.13961,Unknown,0.0,,,1.0
573.13962,Unknown,0.0,0.0,,0.0
573.13963,Unknown,0.0,,,1.0
573.13964,Unknown,0.0,1.0,,1.0
573.13965,Unknown,0.0,1.0,,1.0
573.13966,Unknown,0.0,1.0,,0.0
573.13967,Unknown,0.0,0.0,,
573.13969,Unknown,0.0,1.0,,0.0
573.1397,Unknown,0.0,1.0,,0.0
573.13971,Unknown,0.0,1.0,,1.0
573.13972,Unknown,0.0,1.0,,
573.13973,Unknown,0.0,1.0,,1.0
573.13974,Unknown,,,,1.0
573.13975,Unknown,,1.0,,1.0
573.13976,Unknown,0.0,1.0,,0.0
573.13977,Unknown,,,,0.0
573.13978,Unknown,,1.0,,1.0
573.13979,Unknown,0.0,,,1.0
573.1398,Unknown,0.0,0.0,,1.0
573.13981,Unknown,,1.0,,1.0
573.13982,Unknown,0.0,,,1.0
573.13983,Unknown,0.0,,,1.0
573.13984,Unknown,0.0,1.0,,
573.13985,Unknown,0.0,1.0,,0.0
573.13986,Unknown,,1.0,,1.0
573.13987,Unknown,0.0,1.0,,1.0
573.13988,Unknown,0.0,1.0,,1.0
573.13989,Unknown,,1.0,,1.0
573.1399,Unknown,0.0,,,1.0
573.13991,Unknown,,1.0,,1.0
573.13992,Unknown,0.0,,,0.0
573.13993,Unknown,1.0,1.0,,1.0
573.13994,Unknown,0.0,1.0,,
573.13995,Unknown,0.0,1.0,,0.0
573.13996,Unknown,0.0,1.0,,1.0
573.13997,Unknown,,1.0,,1.0
573.13998,Unknown,1.0,1.0,,1.0
573.13999,Unknown,1.0,1.0,,1.0
573.14001,Unknown,0.0,0.0,,1.0
573.14002,Unknown,0.0,1.0,,1.0
573.14003,Unknown,,,,0.0
573.14004,Unknown,0.0,1.0,,1.0
573.14005,Unknown,0.0,0.0,,1.0
573.14006,Unknown,0.0,1.0,,1.0
573.14007,Unknown,0.0,1.0,,
573.14008,Unknown,0.0,1.0,,0.0
573.14009,Unknown,0.0,0.0,,1.0
573.1401,Unknown,0.0,1.0,,1.0
573.14011,Unknown,0.0,,,1.0
573.14012,Unknown,,0.0,,1.0
573.14013,Unknown,0.0,0.0,,0.0
573.14014,Unknown,0.0,1.0,,1.0
573.14015,Unknown,0.0,,,0.0
573.14016,Unknown,0.0,0.0,,1.0
573.14017,Unknown,0.0,0.0,,1.0
573.14018,Unknown,0.0,0.0,,1.0
573.14019,Unknown,0.0,0.0,,1.0
573.1402,Unknown,0.0,0.0,,1.0
573.14022,Unknown,,1.0,,1.0
573.14023,Unknown,,1.0,,1.0
573.14024,PRJNA376414,0.0,1.0,,0.0
573.14026,PRJNA376414,0.0,1.0,,0.0
573.14027,PRJNA376414,0.0,1.0,,0.0
573.14028,PRJNA376414,0.0,,,1.0
573.14029,PRJNA376414,0.0,0.0,,1.0
573.1403,PRJEB6543,0.0,1.0,,1.0
573.14031,PRJNA376414,,1.0,,1.0
573.14032,PRJNA376414,0.0,1.0,,1.0
573.14033,PRJNA376414,,,,1.0
573.14034,PRJNA376414,0.0,1.0,,1.0
573.14035,PRJNA376414,0.0,0.0,,1.0
573.14036,PRJNA376414,1.0,,,
573.14037,PRJNA376414,0.0,1.0,,1.0
573.14038,PRJNA376414,0.0,0.0,,1.0
573.14039,PRJNA376414,0.0,0.0,,1.0
573.1404,PRJEB6543,0.0,,,1.0
573.14041,PRJNA376414,0.0,1.0,,
573.14042,PRJNA376414,0.0,,,1.0
573.14043,PRJNA376414,0.0,1.0,,
573.14044,PRJNA376414,0.0,1.0,,1.0
573.14045,PRJNA376414,0.0,1.0,,0.0
573.14046,PRJNA376414,0.0,,,1.0
573.14047,PRJNA376414,0.0,1.0,,1.0
573.14048,PRJNA376414,0.0,1.0,,1.0
573.14049,PRJNA376414,,1.0,,1.0
573.1405,Unknown,,1.0,,1.0
573.14051,Unknown,0.0,1.0,,0.0
573.14052,Unknown,,1.0,,1.0
573.14053,Unknown,,1.0,,1.0
573.14054,Unknown,0.0,,,1.0
573.14055,Unknown,0.0,0.0,,0.0
573.14056,Unknown,0.0,,,1.0
573.14057,Unknown,0.0,1.0,,1.0
573.14058,Unknown,1.0,1.0,,1.0
573.14059,Unknown,0.0,1.0,,0.0
573.1406,Unknown,1.0,1.0,,1.0
573.14061,Unknown,0.0,1.0,,1.0
573.14062,Unknown,0.0,1.0,,1.0
573.14063,Unknown,0.0,,,1.0
573.14064,Unknown,0.0,0.0,,1.0
573.14065,Unknown,0.0,0.0,,1.0
573.14066,Unknown,1.0,1.0,,1.0
573.14067,Unknown,,1.0,,1.0
573.14068,Unknown,0.0,0.0,,1.0
573.14069,Unknown,0.0,0.0,,1.0
573.1407,Unknown,0.0,,,0.0
573.14071,Unknown,0.0,,,0.0
573.14072,Unknown,0.0,1.0,,0.0
573.14073,Unknown,0.0,0.0,,
573.14074,Unknown,0.0,0.0,,1.0
573.14075,Unknown,0.0,1.0,,1.0
573.14076,Unknown,,1.0,,1.0
573.14077,Unknown,0.0,,,1.0
573.14078,Unknown,0.0,1.0,,1.0
573.14079,Unknown,0.0,,,1.0
573.1408,Unknown,0.0,1.0,,1.0
573.14081,Unknown,1.0,1.0,,1.0
573.14082,Unknown,0.0,1.0,,0.0
573.14083,Unknown,0.0,1.0,,1.0
573.14084,Unknown,,1.0,,1.0
573.14085,Unknown,0.0,1.0,,1.0
573.14086,Unknown,0.0,,,
573.14087,Unknown,0.0,1.0,,1.0
573.14088,Unknown,0.0,0.0,,1.0
573.14089,Unknown,0.0,0.0,,1.0
573.1409,Unknown,1.0,1.0,,1.0
573.14091,Unknown,0.0,,,1.0
573.14092,Unknown,0.0,1.0,,1.0
573.14093,Unknown,0.0,0.0,,1.0
573.14094,Unknown,0.0,1.0,,0.0
573.14095,Unknown,0.0,1.0,,
573.14096,Unknown,0.0,,,1.0
573.14097,Unknown,,1.0,,1.0
573.14098,Unknown,0.0,,,1.0
573.14099,Unknown,0.0,0.0,,1.0
573.14101,Unknown,0.0,1.0,,0.0
573.14102,Unknown,0.0,1.0,,1.0
573.14103,Unknown,0.0,1.0,,0.0
573.14104,Unknown,0.0,1.0,,1.0
573.14105,Unknown,,1.0,,1.0
573.14106,Unknown,0.0,1.0,,1.0
573.14107,Unknown,0.0,1.0,,1.0
573.14108,Unknown,0.0,1.0,,0.0
573.14109,Unknown,0.0,0.0,,1.0
573.1411,Unknown,0.0,1.0,,1.0
573.14111,Unknown,0.0,1.0,,1.0
573.14112,Unknown,0.0,1.0,,0.0
573.14113,Unknown,0.0,,,1.0
573.14114,Unknown,1.0,1.0,,1.0
573.14115,Unknown,1.0,1.0,,1.0
573.14116,Unknown,0.0,1.0,,1.0
573.14117,Unknown,0.0,1.0,,1.0
573.14118,Unknown,,0.0,,1.0
573.14119,Unknown,0.0,1.0,,0.0
573.1412,Unknown,0.0,,,
573.14121,Unknown,0.0,1.0,,0.0
573.14122,Unknown,1.0,,,
573.14123,Unknown,0.0,1.0,,1.0
573.14124,Unknown,0.0,1.0,,1.0
573.14125,Unknown,1.0,1.0,,1.0
573.14126,PRJNA376414,0.0,,,1.0
573.14127,PRJNA376414,0.0,1.0,,1.0
573.14128,PRJNA376414,0.0,1.0,,1.0
573.14129,PRJNA376414,0.0,1.0,,
573.1413,PRJEB6543,0.0,1.0,,1.0
573.14131,PRJNA376414,0.0,1.0,,0.0
573.14132,PRJNA376414,0.0,1.0,,1.0
573.14133,PRJNA376414,0.0,0.0,,1.0
573.14134,PRJNA376414,0.0,1.0,,0.0
573.14135,PRJNA376414,,,,1.0
573.14136,PRJNA376414,1.0,1.0,,1.0
573.14137,PRJNA376414,1.0,1.0,,1.0
573.14138,PRJNA376414,0.0,,,1.0
573.14139,PRJNA376414,1.0,1.0,,1.0
573.1414,PRJEB6543,0.0,,,0.0
573.14141,PRJNA376414,0.0,0.0,,0.0
573.14142,PRJNA376414,0.0,,,1.0
573.14143,PRJNA376414,0.0,0.0,,1.0
573.14144,PRJNA376414,0.0,0.0,,1.0
573.14146,PRJNA376414,1.0,1.0,,1.0
573.14147,PRJNA376414,0.0,0.0,,1.0
573.14148,PRJNA376414,1.0,1.0,,1.0
573.14149,PRJNA376414,0.0,,,
573.1415,PRJEB6543,0.0,0.0,,0.0
573.14151,PRJNA376414,0.0,1.0,,0.0
573.14152,Unknown,0.0,0.0,,1.0
573.14153,Unknown,1.0,1.0,,1.0
573.14154,Unknown,0.0,,,1.0
573.14155,Unknown,0.0,0.0,,1.0
573.14156,Unknown,0.0,,,1.0
573.14158,Unknown,,1.0,,1.0
573.14159,Unknown,0.0,0.0,,1.0
573.1416,Unknown,0.0,1.0,,
573.14161,Unknown,0.0,1.0,,1.0
573.14162,Unknown,0.0,0.0,,1.0
573.14163,Unknown,0.0,,,1.0
573.14164,Unknown,0.0,1.0,,
573.14165,Unknown,1.0,1.0,,1.0
573.14166,Unknown,0.0,0.0,,1.0
573.14167,Unknown,0.0,0.0,,1.0
573.14168,Unknown,0.0,0.0,,1.0
573.14169,Unknown,0.0,1.0,,
573.1417,Unknown,0.0,,,1.0
573.14171,Unknown,0.0,0.0,,1.0
573.14172,Unknown,0.0,0.0,,1.0
573.14173,Unknown,,0.0,,1.0
573.14174,Unknown,0.0,0.0,,1.0
573.14175,Unknown,1.0,1.0,,1.0
573.14176,Unknown,0.0,0.0,,1.0
573.14177,Unknown,,1.0,,1.0
573.14178,Unknown,1.0,1.0,,1.0
573.14179,Unknown,0.0,1.0,,1.0
573.1418,Unknown,0.0,,,1.0
573.14181,Unknown,1.0,1.0,,1.0
573.14182,Unknown,,1.0,,1.0
573.14183,Unknown,,,,1.0
573.14184,Unknown,,1.0,,1.0
573.14185,Unknown,1.0,,,1.0
573.14186,Unknown,0.0,1.0,,1.0
573.14187,Unknown,0.0,0.0,,1.0
573.14188,Unknown,0.0,0.0,,1.0
573.14189,Unknown,0.0,1.0,,1.0
573.1419,Unknown,0.0,1.0,,0.0
573.14191,Unknown,0.0,1.0,,0.0
573.14192,Unknown,0.0,0.0,,1.0
573.14193,Unknown,0.0,,,1.0
573.14194,Unknown,0.0,,,1.0
573.14195,Unknown,0.0,,,1.0
573.14196,Unknown,0.0,1.0,,0.0
573.14197,Unknown,0.0,,,1.0
573.14198,Unknown,0.0,1.0,,0.0
573.14199,Unknown,0.0,1.0,,
573.14201,Unknown,0.0,0.0,,0.0
573.14202,Unknown,0.0,0.0,,1.0
573.14203,Unknown,0.0,1.0,,0.0
573.14204,Unknown,,,,1.0
573.14205,Unknown,0.0,1.0,,0.0
573.14206,Unknown,0.0,0.0,,1.0
573.14207,Unknown,0.0,,,1.0
573.14208,Unknown,0.0,1.0,,0.0
573.14209,Unknown,0.0,1.0,,1.0
573.1421,Unknown,0.0,1.0,,1.0
573.14211,Unknown,0.0,,,0.0
573.14212,Unknown,0.0,0.0,,1.0
573.14213,Unknown,,0.0,,1.0
573.14214,Unknown,1.0,1.0,,1.0
573.14215,Unknown,0.0,1.0,,0.0
573.14216,Unknown,,0.0,,1.0
573.14217,Unknown,0.0,0.0,,1.0
573.14218,Unknown,1.0,1.0,,1.0
573.14219,Unknown,0.0,1.0,,0.0
573.1422,Unknown,0.0,1.0,,1.0
573.14221,Unknown,0.0,0.0,,1.0
573.14222,Unknown,0.0,0.0,,1.0
573.14223,Unknown,,,,1.0
573.14224,Unknown,,1.0,,1.0
573.14225,Unknown,0.0,,,1.0
573.14226,Unknown,,1.0,,1.0
573.14227,Unknown,0.0,0.0,,1.0
573.14228,Unknown,,1.0,,1.0
573.14229,PRJNA376414,0.0,,,1.0
573.14231,PRJNA376414,1.0,1.0,,1.0
573.14232,PRJNA376414,0.0,0.0,,1.0
573.14233,PRJNA376414,1.0,1.0,,1.0
573.14234,PRJNA376414,0.0,0.0,,1.0
573.14235,PRJNA376414,0.0,1.0,,0.0
573.14236,PRJNA376414,0.0,0.0,,1.0
573.14237,PRJNA376414,0.0,1.0,,
573.14238,PRJNA376414,0.0,1.0,,1.0
573.14239,PRJNA376414,0.0,1.0,,1.0
573.1424,PRJEB6543,0.0,1.0,,1.0
573.14241,PRJNA376414,0.0,1.0,,1.0
573.14242,PRJNA376414,1.0,1.0,,1.0
573.14243,PRJNA376414,0.0,1.0,,1.0
573.14244,PRJNA376414,0.0,1.0,,1.0
573.14245,PRJNA376414,0.0,1.0,,
573.14246,PRJNA376414,0.0,1.0,,1.0
573.14247,PRJNA376414,0.0,,,1.0
573.14248,PRJNA376414,0.0,,,1.0
573.14249,PRJNA376414,0.0,1.0,,1.0
573.1425,PRJEB6543,1.0,1.0,,1.0
573.14251,PRJNA376414,0.0,1.0,,1.0
573.14252,PRJNA376414,0.0,0.0,,1.0
573.14253,PRJNA376414,0.0,1.0,,1.0
573.14254,PRJNA376414,,1.0,,1.0
573.14255,Unknown,,1.0,,1.0
573.14256,Unknown,1.0,,,1.0
573.14257,Unknown,0.0,1.0,,
573.14258,Unknown,0.0,1.0,,
573.14259,Unknown,0.0,1.0,,1.0
573.1426,Unknown,,1.0,,1.0
573.14261,Unknown,,,,1.0
573.14262,Unknown,0.0,1.0,,1.0
573.14263,Unknown,1.0,1.0,,1.0
573.14264,Unknown,0.0,0.0,,1.0
573.14265,Unknown,,,,1.0
573.14266,Unknown,1.0,1.0,,1.0
573.14267,Unknown,0.0,,,
573.14268,Unknown,0.0,0.0,,1.0
573.14269,Unknown,1.0,1.0,,1.0
573.1427,Unknown,0.0,1.0,,
573.14271,Unknown,0.0,,,0.0
573.14272,Unknown,0.0,0.0,,0.0
573.14273,Unknown,0.0,1.0,,1.0
573.14274,Unknown,0.0,,,1.0
573.14275,Unknown,0.0,1.0,,1.0
573.14276,Unknown,1.0,0.0,,1.0
573.14277,Unknown,0.0,1.0,,0.0
573.14278,Unknown,0.0,1.0,,1.0
573.14279,Unknown,0.0,1.0,,
573.1428,Unknown,0.0,1.0,,1.0
573.14281,Unknown,,1.0,,1.0
573.14282,Unknown,,0.0,,1.0
573.14283,Unknown,1.0,1.0,,1.0
573.14284,Unknown,0.0,1.0,,1.0
573.14285,Unknown,0.0,0.0,,1.0
573.14286,Unknown,0.0,0.0,,1.0
573.14287,Unknown,0.0,0.0,,1.0
573.14288,Unknown,,1.0,,1.0
573.14289,Unknown,,0.0,,1.0
573.1429,Unknown,0.0,1.0,,1.0
573.14291,Unknown,0.0,1.0,,1.0
573.14292,Unknown,0.0,1.0,,1.0
573.14293,Unknown,,,,1.0
573.14294,Unknown,1.0,1.0,,1.0
573.14295,Unknown,0.0,0.0,,1.0
573.14296,Unknown,0.0,1.0,,1.0
573.14297,Unknown,0.0,1.0,,
573.14298,Unknown,0.0,1.0,,
573.14299,Unknown,,1.0,,1.0
573.14301,Unknown,1.0,,,1.0
573.14302,Unknown,0.0,0.0,,1.0
573.14303,Unknown,0.0,1.0,,1.0
573.14304,Unknown,0.0,1.0,,
573.14305,Unknown,0.0,0.0,,0.0
573.14306,Unknown,1.0,1.0,,1.0
573.14307,Unknown,0.0,1.0,,1.0
573.14308,Unknown,1.0,1.0,,1.0
573.14309,Unknown,0.0,0.0,,
573.1431,Unknown,0.0,1.0,,1.0
573.14311,Unknown,0.0,1.0,,1.0
573.14312,Unknown,,1.0,,1.0
573.14313,Unknown,,1.0,,1.0
573.14314,Unknown,,,,1.0
573.14315,Unknown,,1.0,,1.0
573.14316,Unknown,0.0,1.0,,1.0
573.14317,Unknown,,1.0,,1.0
573.14319,Unknown,0.0,0.0,,1.0
573.1432,Unknown,0.0,,,1.0
573.14321,Unknown,,1.0,,1.0
573.14322,Unknown,0.0,1.0,,1.0
573.14324,Unknown,0.0,,,0.0
573.14325,Unknown,0.0,0.0,,1.0
573.14326,Unknown,0.0,,,
573.14327,Unknown,0.0,1.0,,0.0
573.14328,Unknown,0.0,0.0,,0.0
573.14329,Unknown,,1.0,,1.0
573.1433,Unknown,1.0,1.0,,1.0
573.14331,Unknown,0.0,0.0,,1.0
573.14332,Unknown,0.0,1.0,,
573.14333,PRJNA376414,0.0,1.0,,1.0
573.14334,PRJNA376414,0.0,1.0,,1.0
573.14335,PRJNA376414,0.0,1.0,,
573.14336,PRJNA376414,0.0,1.0,,1.0
573.14337,PRJNA376414,0.0,0.0,,1.0
573.14338,PRJNA376414,0.0,0.0,,0.0
573.14339,PRJNA376414,0.0,,,1.0
573.1434,PRJEB6543,0.0,1.0,,
573.14341,PRJNA376414,0.0,0.0,,0.0
573.14342,PRJNA376414,0.0,1.0,,1.0
573.14343,PRJNA376414,0.0,1.0,,
573.14344,PRJNA376414,0.0,1.0,,
573.14345,PRJNA376414,0.0,1.0,,
573.14346,PRJNA376414,0.0,0.0,,1.0
573.14347,PRJNA376414,0.0,,,1.0
573.14348,PRJNA376414,0.0,1.0,,1.0
573.14349,PRJNA376414,0.0,1.0,,
573.1435,PRJEB6543,0.0,1.0,,
573.14351,PRJNA376414,0.0,0.0,,
573.14352,PRJNA376414,0.0,0.0,,1.0
573.14353,PRJNA376414,1.0,1.0,,1.0
573.14354,PRJNA376414,1.0,1.0,,1.0
573.14355,PRJNA376414,0.0,0.0,,1.0
573.14356,PRJNA376414,0.0,1.0,,1.0
573.14357,PRJNA376414,0.0,1.0,,1.0
573.14358,Unknown,,1.0,,1.0
573.14359,Unknown,0.0,1.0,,0.0
573.1436,Unknown,0.0,1.0,,1.0
573.14361,Unknown,0.0,,,1.0
573.14362,Unknown,0.0,1.0,,1.0
573.14363,Unknown,0.0,1.0,,
573.14364,Unknown,1.0,1.0,,1.0
573.14365,Unknown,0.0,0.0,,0.0
573.14366,Unknown,0.0,1.0,,0.0
573.14367,Unknown,0.0,1.0,,
573.14368,Unknown,1.0,1.0,,1.0
573.14369,Unknown,0.0,0.0,,
573.14371,Unknown,1.0,1.0,,1.0
573.14372,Unknown,0.0,1.0,,0.0
573.14373,Unknown,0.0,1.0,,1.0
573.14374,Unknown,1.0,1.0,,1.0
573.14375,Unknown,0.0,1.0,,
573.14376,Unknown,0.0,,,0.0
573.14377,Unknown,0.0,0.0,,1.0
573.14378,Unknown,1.0,0.0,,1.0
573.14379,Unknown,0.0,1.0,,
573.1438,Unknown,0.0,0.0,,1.0
573.14381,Unknown,0.0,1.0,,
573.14382,Unknown,,1.0,,1.0
573.14383,Unknown,0.0,1.0,,0.0
573.14384,Unknown,0.0,0.0,,1.0
573.14385,Unknown,,1.0,,1.0
573.14386,Unknown,0.0,0.0,,
573.14387,Unknown,0.0,0.0,,0.0
573.14388,Unknown,,1.0,,1.0
573.14389,Unknown,0.0,0.0,,1.0
573.1439,Unknown,,1.0,,1.0
573.14391,Unknown,0.0,1.0,,1.0
573.14392,Unknown,0.0,1.0,,0.0
573.14393,Unknown,0.0,1.0,,1.0
573.14394,Unknown,,1.0,,1.0
573.14395,Unknown,0.0,,,1.0
573.14396,Unknown,0.0,0.0,,
573.14397,Unknown,0.0,1.0,,0.0
573.14398,Unknown,0.0,1.0,,0.0
573.14399,Unknown,0.0,,,1.0
573.14401,Unknown,0.0,1.0,,1.0
573.14402,Unknown,0.0,1.0,,
573.14403,Unknown,0.0,0.0,,1.0
573.14404,Unknown,0.0,1.0,,1.0
573.14405,Unknown,0.0,1.0,,
573.14406,Unknown,0.0,,,1.0
573.14407,Unknown,0.0,1.0,,1.0
573.14408,Unknown,0.0,1.0,,0.0
573.14409,Unknown,0.0,,,0.0
573.1441,Unknown,0.0,,,0.0
573.14411,Unknown,0.0,1.0,,0.0
573.14413,Unknown,0.0,1.0,,1.0
573.14415,Unknown,0.0,1.0,,
573.14416,Unknown,0.0,1.0,,
573.14417,Unknown,0.0,1.0,,1.0
573.14418,Unknown,0.0,0.0,,1.0
573.14419,Unknown,0.0,0.0,,1.0
573.1442,Unknown,0.0,0.0,,1.0
573.14421,Unknown,0.0,1.0,,
573.14422,Unknown,0.0,0.0,,1.0
573.14423,Unknown,0.0,1.0,,
573.14424,Unknown,0.0,1.0,,0.0
573.14425,Unknown,,0.0,,0.0
573.14426,Unknown,0.0,0.0,,1.0
573.14427,Unknown,0.0,1.0,,0.0
573.14428,Unknown,0.0,1.0,,1.0
573.14429,Unknown,0.0,,,0.0
573.1443,Unknown,0.0,1.0,,1.0
573.14431,Unknown,0.0,1.0,,1.0
573.14432,Unknown,0.0,1.0,,1.0
573.14433,Unknown,0.0,0.0,,1.0
573.14434,Unknown,1.0,1.0,,1.0
573.14435,Unknown,0.0,1.0,,1.0
573.14436,Unknown,0.0,1.0,,1.0
573.14437,PRJNA376414,0.0,1.0,,1.0
573.14438,PRJNA376414,0.0,0.0,,1.0
573.14439,PRJNA376414,,1.0,,1.0
573.1444,PRJEB6543,0.0,0.0,,0.0
573.14441,PRJNA376414,1.0,,,
573.14442,PRJNA376414,0.0,0.0,,1.0
573.14443,PRJNA376414,0.0,1.0,,0.0
573.14444,PRJNA376414,,1.0,,1.0
573.14445,PRJNA376414,0.0,1.0,,0.0
573.14446,PRJNA376414,0.0,0.0,,1.0
573.14447,PRJNA376414,0.0,,,1.0
573.14448,PRJNA376414,0.0,0.0,,
573.14449,PRJNA376414,,,,1.0
573.1445,PRJEB6543,0.0,1.0,,0.0
573.14451,PRJNA376414,1.0,,,
573.14452,PRJNA376414,0.0,0.0,,1.0
573.14453,PRJNA376414,0.0,0.0,,0.0
573.14454,PRJNA376414,0.0,,,0.0
573.14455,PRJNA376414,0.0,1.0,,1.0
573.14456,PRJNA376414,0.0,1.0,,1.0
573.14457,PRJNA376414,0.0,1.0,,1.0
573.14458,PRJNA376414,,1.0,,1.0
573.14459,PRJNA376414,0.0,0.0,,1.0
573.1446,PRJEB6543,0.0,0.0,,1.0
573.14461,PRJNA376414,0.0,,,
573.14462,Unknown,1.0,0.0,,0.0
573.14463,Unknown,0.0,,,1.0
573.14464,Unknown,0.0,1.0,,1.0
573.14465,Unknown,1.0,1.0,,1.0
573.14466,Unknown,1.0,,,
573.14467,Unknown,0.0,0.0,,
573.14468,Unknown,0.0,1.0,,
573.14469,Unknown,0.0,1.0,,1.0
573.1447,Unknown,0.0,,,1.0
573.14471,Unknown,0.0,0.0,,1.0
573.14472,Unknown,0.0,1.0,,1.0
573.14473,Unknown,0.0,1.0,,1.0
573.14474,Unknown,0.0,1.0,,0.0
573.14475,Unknown,0.0,1.0,,1.0
573.14477,Unknown,1.0,1.0,,1.0
573.14478,Unknown,0.0,0.0,,1.0
573.14479,Unknown,0.0,,,0.0
573.1448,Unknown,0.0,1.0,,1.0
573.14481,Unknown,0.0,1.0,,
573.14482,Unknown,0.0,,,0.0
573.14483,Unknown,,,,1.0
573.14484,Unknown,0.0,,,1.0
573.14485,Unknown,,1.0,,1.0
573.14486,Unknown,,,,1.0
573.14487,Unknown,0.0,,,0.0
573.14488,Unknown,0.0,0.0,,0.0
573.14489,Unknown,0.0,1.0,,0.0
573.1449,Unknown,0.0,1.0,,0.0
573.14491,Unknown,,1.0,,1.0
573.14492,Unknown,0.0,0.0,,1.0
573.14493,Unknown,0.0,0.0,,1.0
573.14494,Unknown,0.0,0.0,,1.0
573.14495,Unknown,0.0,1.0,,1.0
573.14496,Unknown,,0.0,,1.0
573.14497,Unknown,0.0,1.0,,1.0
573.14498,Unknown,1.0,1.0,,1.0
573.14499,Unknown,0.0,,,1.0
573.14501,Unknown,0.0,0.0,,1.0
573.14502,Unknown,0.0,,,1.0
573.14503,Unknown,0.0,,,1.0
573.14504,Unknown,0.0,0.0,,1.0
573.14505,Unknown,0.0,1.0,,0.0
573.14506,Unknown,0.0,,,
573.14507,Unknown,,1.0,,1.0
573.14508,Unknown,0.0,,,1.0
573.14509,Unknown,1.0,1.0,,1.0
573.1451,Unknown,0.0,1.0,,0.0
573.14511,Unknown,0.0,,,0.0
573.14512,Unknown,,,,1.0
573.14513,Unknown,0.0,0.0,,1.0
573.14514,Unknown,0.0,1.0,,
573.14515,Unknown,0.0,1.0,,
573.14516,Unknown,,1.0,,1.0
573.14517,Unknown,0.0,1.0,,1.0
573.14518,Unknown,0.0,1.0,,
573.14519,Unknown,0.0,1.0,,1.0
573.1452,Unknown,0.0,0.0,,1.0
573.14521,Unknown,0.0,0.0,,1.0
573.14522,Unknown,0.0,1.0,,1.0
573.14523,Unknown,1.0,1.0,,1.0
573.14524,Unknown,,,,1.0
573.14525,Unknown,0.0,1.0,,1.0
573.14526,Unknown,0.0,,,1.0
573.14527,Unknown,0.0,1.0,,1.0
573.14528,Unknown,0.0,0.0,,1.0
573.14529,Unknown,0.0,1.0,,1.0
573.1453,Unknown,0.0,1.0,,1.0
573.14531,Unknown,,,,1.0
573.14532,Unknown,0.0,1.0,,0.0
573.14533,Unknown,0.0,0.0,,1.0
573.14534,Unknown,0.0,1.0,,0.0
573.14535,Unknown,0.0,1.0,,1.0
573.14536,Unknown,1.0,,,1.0
573.14537,Unknown,,1.0,,1.0
573.14538,Unknown,0.0,0.0,,1.0
573.14539,PRJNA376414,0.0,1.0,,
573.1454,PRJEB6543,0.0,0.0,,1.0
573.14541,PRJNA376414,0.0,1.0,,1.0
573.14542,PRJNA376414,,1.0,,1.0
573.14543,PRJNA376414,0.0,1.0,,0.0
573.14544,PRJNA376414,0.0,1.0,,
573.14545,PRJNA376414,,1.0,,1.0
573.14546,PRJNA376414,0.0,1.0,,0.0
573.14547,PRJNA376414,,1.0,,1.0
573.14548,PRJNA376414,0.0,1.0,,1.0
573.14549,PRJNA376414,0.0,,,1.0
573.1455,PRJEB6543,0.0,1.0,,1.0
573.15042,PRJNA292902,0.0,1.0,,1.0
573.15043,PRJNA292902,,1.0,,1.0
573.15044,PRJNA292904,,1.0,,1.0
573.15107,PRJNA292902,,1.0,,
573.15108,PRJNA292902,1.0,1.0,,1.0
573.15217,PRJNA292902,0.0,1.0,,1.0
573.15329,PRJNA351909,0.0,1.0,,1.0
573.1536,PRJNA271899,0.0,1.0,,1.0
573.15361,PRJEB6891,0.0,0.0,,0.0
573.15362,PRJEB6891,0.0,0.0,,0.0
573.15364,PRJEB6891,0.0,1.0,,1.0
573.15366,PRJEB6891,0.0,0.0,,0.0
573.15367,PRJEB6891,0.0,0.0,,0.0
573.15368,Unknown,0.0,0.0,,0.0
573.15369,Unknown,0.0,1.0,,1.0
573.1537,Unknown,0.0,1.0,,1.0
573.15371,Unknown,0.0,0.0,,1.0
573.15372,Unknown,0.0,0.0,,0.0
573.15373,Unknown,0.0,0.0,,0.0
573.15374,Unknown,0.0,0.0,,1.0
573.15375,Unknown,0.0,1.0,,1.0
573.15376,Unknown,0.0,0.0,,1.0
573.15377,Unknown,0.0,0.0,,1.0
573.1542,Unknown,0.0,1.0,,1.0
573.15432,Unknown,0.0,,,
573.15433,Unknown,0.0,,,
573.15434,Unknown,1.0,,,
573.15435,Unknown,1.0,,,
573.15436,Unknown,1.0,,,
573.15438,Unknown,1.0,,,
573.15439,Unknown,1.0,,,
573.1544,Unknown,1.0,,,
573.15441,Unknown,1.0,,,
573.15442,Unknown,0.0,,,
573.15443,Unknown,0.0,,,
573.15444,Unknown,0.0,,,
573.15445,Unknown,0.0,,,
573.15446,Unknown,0.0,,,
573.15447,Unknown,0.0,,,
573.15448,Unknown,1.0,,,
573.15449,Unknown,0.0,,,
573.1545,Unknown,0.0,,,
573.15451,Unknown,0.0,,,
573.15452,Unknown,0.0,,,
573.15455,Unknown,0.0,,,
573.15456,Unknown,0.0,,,
573.15458,Unknown,0.0,,,
573.15459,Unknown,0.0,,,
573.1546,Unknown,0.0,,,
573.15461,Unknown,1.0,,,
573.15462,Unknown,1.0,,,
573.15463,Unknown,0.0,,,
573.15465,Unknown,0.0,,,
573.15466,Unknown,1.0,,,
573.15468,Unknown,0.0,,,
573.15469,Unknown,0.0,,,
573.1547,Unknown,0.0,,,
573.15471,Unknown,0.0,,,
573.15472,Unknown,0.0,,,
573.15473,Unknown,0.0,,,
573.15474,Unknown,0.0,,,
573.15475,Unknown,0.0,,,
573.15476,Unknown,0.0,,,
573.15477,Unknown,0.0,,,
573.15478,Unknown,1.0,,,
573.15479,Unknown,0.0,,,
573.1548,Unknown,0.0,,,
573.15481,Unknown,0.0,,,
573.15482,Unknown,0.0,,,
573.15483,Unknown,0.0,,,
573.15484,Unknown,0.0,,,
573.15485,Unknown,1.0,,,
573.15486,Unknown,1.0,,,
573.15487,Unknown,0.0,,,
573.15488,Unknown,1.0,,,
573.15489,Unknown,1.0,,,
573.1549,Unknown,1.0,,,
573.15491,Unknown,1.0,,,
573.15493,Unknown,0.0,,,
573.15495,Unknown,0.0,,,
573.15496,Unknown,1.0,,,
573.15497,Unknown,0.0,,,
573.15498,Unknown,0.0,,,
573.15499,Unknown,0.0,,,
573.15501,Unknown,0.0,,,
573.15502,Unknown,1.0,,,
573.15503,Unknown,0.0,,,
573.15504,Unknown,0.0,,,
573.15505,PRJEB1800,0.0,,,
573.15506,PRJEB1800,0.0,,,
573.15507,PRJEB1800,0.0,,,
573.15509,PRJEB1800,0.0,,,
573.1551,PRJNA271899,0.0,,,
573.15511,PRJEB6891,0.0,1.0,,0.0
573.15512,PRJEB6891,0.0,0.0,,0.0
573.15513,PRJEB6891,0.0,0.0,,0.0
573.15514,PRJEB6891,0.0,0.0,,0.0
573.15515,PRJEB6891,0.0,0.0,,0.0
573.15516,PRJEB6891,0.0,0.0,,0.0
573.15517,PRJEB6891,0.0,0.0,,0.0
573.15518,PRJEB6891,0.0,0.0,,0.0
573.15519,PRJEB6891,0.0,0.0,,
573.1552,PRJNA271899,0.0,0.0,,0.0
573.15521,PRJEB6891,0.0,0.0,,0.0
573.15522,PRJEB6891,0.0,0.0,,0.0
573.15523,PRJEB6891,0.0,0.0,,0.0
573.15524,PRJEB6891,0.0,0.0,,0.0
573.15525,PRJEB6891,0.0,0.0,,0.0
573.15526,PRJEB6891,0.0,0.0,,0.0
573.15527,PRJEB6891,0.0,0.0,,0.0
573.15528,PRJEB6891,0.0,0.0,,0.0
573.15529,PRJEB6891,0.0,0.0,,0.0
573.1553,PRJNA271899,1.0,1.0,,1.0
573.15531,Unknown,0.0,0.0,,0.0
573.15533,Unknown,0.0,0.0,,0.0
573.15534,Unknown,0.0,0.0,,0.0
573.15535,Unknown,0.0,0.0,,0.0
573.15536,Unknown,0.0,0.0,,0.0
573.15537,Unknown,0.0,0.0,,0.0
573.15538,Unknown,0.0,0.0,,0.0
573.15539,Unknown,0.0,0.0,,0.0
573.1554,Unknown,0.0,0.0,,0.0
573.15541,Unknown,0.0,0.0,,0.0
573.15542,Unknown,0.0,0.0,,0.0
573.15543,Unknown,0.0,0.0,,0.0
573.15544,Unknown,0.0,0.0,,0.0
573.15545,Unknown,0.0,0.0,,0.0
573.15546,Unknown,0.0,0.0,,1.0
573.15547,Unknown,0.0,0.0,,0.0
573.15548,Unknown,0.0,0.0,,0.0
573.1555,Unknown,0.0,0.0,,0.0
573.15551,Unknown,0.0,0.0,,0.0
573.15552,Unknown,0.0,0.0,,0.0
573.15553,Unknown,0.0,0.0,,0.0
573.15554,Unknown,0.0,0.0,,0.0
573.15555,Unknown,0.0,0.0,,0.0
573.15556,Unknown,0.0,0.0,,0.0
573.15557,Unknown,0.0,0.0,,0.0
573.15558,Unknown,0.0,0.0,,0.0
573.15559,Unknown,0.0,0.0,,0.0
573.1556,Unknown,0.0,0.0,,0.0
573.15561,Unknown,0.0,0.0,,0.0
573.15562,Unknown,0.0,0.0,,0.0
573.15563,Unknown,0.0,0.0,,0.0
573.15564,Unknown,0.0,0.0,,0.0
573.15565,Unknown,0.0,0.0,,0.0
573.15566,Unknown,0.0,0.0,,0.0
573.15567,Unknown,0.0,0.0,,0.0
573.15568,Unknown,0.0,0.0,,0.0
573.15569,Unknown,0.0,0.0,,0.0
573.1557,Unknown,0.0,0.0,,0.0
573.15571,Unknown,0.0,0.0,,0.0
573.15572,Unknown,0.0,0.0,,0.0
573.15573,Unknown,0.0,0.0,,0.0
573.15574,Unknown,0.0,0.0,,0.0
573.15575,Unknown,0.0,0.0,,0.0
573.15576,Unknown,0.0,0.0,,0.0
573.15577,Unknown,0.0,0.0,,0.0
573.15579,Unknown,0.0,0.0,,0.0
573.1558,Unknown,0.0,0.0,,0.0
573.15581,Unknown,0.0,0.0,,0.0
573.15582,Unknown,0.0,0.0,,0.0
573.15583,Unknown,0.0,0.0,,0.0
573.15584,Unknown,0.0,0.0,,0.0
573.15585,Unknown,0.0,0.0,,0.0
573.15586,Unknown,0.0,0.0,,0.0
573.15587,Unknown,0.0,0.0,,0.0
573.15588,Unknown,0.0,0.0,,0.0
573.15589,Unknown,0.0,0.0,,0.0
573.1559,Unknown,0.0,0.0,,0.0
573.15591,Unknown,0.0,0.0,,0.0
573.15592,Unknown,1.0,0.0,,1.0
573.15593,Unknown,0.0,0.0,,1.0
573.15594,Unknown,0.0,0.0,,0.0
573.15595,Unknown,0.0,0.0,,1.0
573.15596,Unknown,0.0,0.0,,0.0
573.15597,Unknown,0.0,0.0,,0.0
573.15598,Unknown,0.0,0.0,,0.0
573.15599,Unknown,0.0,0.0,,
573.15601,Unknown,0.0,0.0,,0.0
573.15602,Unknown,0.0,1.0,,1.0
573.15603,Unknown,0.0,1.0,,1.0
573.15605,Unknown,0.0,0.0,,0.0
573.15606,Unknown,0.0,0.0,,1.0
573.15607,Unknown,0.0,0.0,,0.0
573.15608,Unknown,0.0,0.0,,0.0
573.15609,Unknown,1.0,0.0,,1.0
573.1561,Unknown,0.0,0.0,,0.0
573.15611,PRJNA351909,0.0,0.0,,0.0
573.15612,PRJNA351909,0.0,0.0,,0.0
573.15613,PRJNA351909,0.0,1.0,,1.0
573.15614,PRJNA351909,0.0,1.0,,1.0
573.15615,PRJNA351909,0.0,0.0,,0.0
573.15616,PRJNA351909,1.0,0.0,,1.0
573.15617,PRJNA351909,0.0,0.0,,0.0
573.15618,PRJNA351909,,1.0,,1.0
573.15619,PRJNA351909,0.0,0.0,,0.0
573.1562,PRJNA271899,0.0,0.0,,0.0
573.15621,PRJNA351909,0.0,0.0,,0.0
573.15622,PRJNA351909,0.0,0.0,,0.0
573.15623,PRJNA351909,0.0,0.0,,0.0
573.15624,PRJNA351909,0.0,0.0,,0.0
573.15626,PRJNA351909,0.0,1.0,,1.0
573.15627,PRJNA351909,0.0,0.0,,0.0
573.15628,PRJNA351909,0.0,0.0,,0.0
573.15629,PRJNA351909,0.0,1.0,,1.0
573.1563,PRJNA271899,0.0,,,
573.15631,PRJEB1272,0.0,,,
573.15632,PRJEB1272,0.0,,,
573.15634,PRJEB1272,0.0,,,
573.15635,PRJEB1272,0.0,,,
573.15636,PRJEB1272,0.0,,,
573.15638,PRJEB1272,0.0,,,
573.15639,Unknown,0.0,,,
573.1564,Unknown,0.0,,,
573.15641,Unknown,0.0,,,
573.15642,Unknown,0.0,,,
573.15643,Unknown,0.0,,,
573.15644,Unknown,0.0,,,
573.15645,Unknown,0.0,,,
573.15646,Unknown,0.0,,,
573.15648,Unknown,0.0,,,
573.15649,Unknown,0.0,,,
573.1565,Unknown,0.0,,,
573.15653,Unknown,0.0,,,
573.15654,Unknown,0.0,,,
573.15661,Unknown,0.0,,,
573.15662,Unknown,0.0,,,
573.15664,Unknown,0.0,,,
573.15665,Unknown,0.0,,,
573.15666,Unknown,0.0,,,
573.15667,Unknown,0.0,,,
573.15668,Unknown,0.0,,,
573.15669,Unknown,0.0,,,
573.1567,Unknown,0.0,,,
573.15671,Unknown,0.0,,,
573.15672,Unknown,0.0,,,
573.15673,Unknown,0.0,,,
573.15674,Unknown,0.0,,,
573.15675,Unknown,0.0,,,
573.15676,Unknown,0.0,,,
573.15677,Unknown,0.0,,,
573.15679,Unknown,0.0,,,
573.1568,Unknown,0.0,,,
573.15681,Unknown,0.0,,,
573.15682,Unknown,0.0,,,
573.15683,Unknown,0.0,,,
573.15684,Unknown,0.0,,,
573.15685,Unknown,0.0,,,
573.15686,Unknown,1.0,,,
573.15688,Unknown,0.0,,,
573.15689,Unknown,0.0,,,
573.1569,Unknown,0.0,,,
573.15691,Unknown,0.0,,,
573.15693,Unknown,0.0,,,
573.15694,Unknown,0.0,,,
573.15695,Unknown,0.0,,,
573.15696,Unknown,0.0,,,
573.15697,Unknown,0.0,,,
573.15698,Unknown,0.0,,,
573.15699,Unknown,0.0,,,
573.15701,Unknown,0.0,,,
573.15702,Unknown,0.0,,,
573.15703,Unknown,0.0,,,
573.15704,Unknown,0.0,,,
573.15705,Unknown,0.0,,,
573.15706,Unknown,0.0,,,
573.15707,Unknown,0.0,,,
573.15708,Unknown,0.0,,,
573.1571,Unknown,0.0,,,
573.15711,Unknown,0.0,,,
573.15713,Unknown,0.0,,,
573.15714,Unknown,0.0,,,
573.15716,Unknown,0.0,,,
573.15717,Unknown,0.0,,,
573.15719,Unknown,0.0,,,
573.1572,Unknown,0.0,,,
573.15721,Unknown,0.0,,,
573.15722,Unknown,0.0,,,
573.15724,Unknown,0.0,,,
573.15725,Unknown,0.0,,,
573.15726,Unknown,0.0,,,
573.15727,Unknown,0.0,,,
573.15728,Unknown,0.0,,,
573.15729,Unknown,0.0,,,
573.1573,Unknown,0.0,,,
573.15731,Unknown,0.0,,,
573.15732,Unknown,0.0,,,
573.15733,PRJEB1272,0.0,,,
573.15734,PRJEB1272,0.0,,,
573.1719,PRJEB7661,1.0,,,
573.1721,PRJEB7661,1.0,,,
573.1722,PRJEB7661,1.0,,,
573.1723,PRJEB7661,1.0,,,
573.1724,PRJEB7661,1.0,,,
573.1725,PRJEB7661,1.0,,,
573.1726,PRJEB7661,0.0,,,
573.1727,PRJEB7661,0.0,,,
573.1728,PRJEB7661,0.0,,,
573.1729,PRJEB7661,0.0,,,
573.1731,PRJEB7661,0.0,,,
573.1732,PRJEB7661,0.0,,,
573.1733,PRJEB7661,1.0,,,
573.1734,PRJEB7661,1.0,,,
573.17908,PRJNA292904,,1.0,,1.0
573.17914,PRJNA316321,,1.0,,1.0
573.17915,PRJNA316321,,1.0,,1.0
573.17927,PRJNA292904,0.0,1.0,,1.0
573.17943,PRJNA292902,1.0,1.0,,1.0
573.18086,PRJNA316321,0.0,1.0,,1.0
573.18087,PRJNA316321,0.0,1.0,,1.0
573.18088,PRJNA292904,1.0,1.0,,1.0
573.18093,PRJNA292902,1.0,1.0,,1.0
573.18472,Unknown,0.0,0.0,,0.0
573.18476,Unknown,0.0,,0.0,1.0
573.18477,Unknown,1.0,,1.0,1.0
573.18541,Unknown,0.0,1.0,,
573.18542,Unknown,0.0,1.0,,1.0
573.18543,Unknown,1.0,1.0,,1.0
573.19877,Unknown,,1.0,,1.0
573.1996,Unknown,,,0.0,
573.1998,Unknown,,,0.0,
573.1999,Unknown,,,1.0,
573.2001,Unknown,,,1.0,
573.2002,Unknown,,,0.0,
573.2003,Unknown,,,0.0,
573.2004,Unknown,,,0.0,
573.2005,Unknown,,,1.0,
573.20059,Unknown,0.0,1.0,,1.0
573.2006,Unknown,0.0,1.0,1.0,1.0
573.20061,Unknown,0.0,0.0,,1.0
573.20062,Unknown,1.0,1.0,,1.0
573.20063,Unknown,1.0,1.0,,1.0
573.20064,Unknown,0.0,1.0,,1.0
573.20065,Unknown,0.0,1.0,,1.0
573.2007,Unknown,,,0.0,
573.2008,Unknown,,,0.0,
573.2009,Unknown,,,1.0,
573.2011,Unknown,,,1.0,
573.2012,Unknown,,,1.0,
573.2013,Unknown,,,0.0,
573.2015,Unknown,,,0.0,
573.2016,Unknown,,,1.0,
573.2017,Unknown,,,1.0,
573.2018,Unknown,,,1.0,
573.2019,Unknown,,,0.0,
573.2021,Unknown,,,1.0,
573.2022,Unknown,,,0.0,
573.2023,Unknown,,,0.0,
573.2025,Unknown,,,0.0,
573.2026,Unknown,,,0.0,
573.2027,Unknown,,,0.0,
573.2028,Unknown,,,0.0,
573.2029,Unknown,,,1.0,
573.22555,Unknown,0.0,,1.0,1.0
573.22556,Unknown,0.0,,1.0,1.0
573.22557,Unknown,0.0,,1.0,1.0
573.22558,Unknown,0.0,,1.0,1.0
573.22559,Unknown,0.0,,1.0,1.0
573.22561,Unknown,0.0,,1.0,1.0
573.22562,Unknown,0.0,,1.0,1.0
573.22563,Unknown,0.0,,1.0,1.0
573.22564,Unknown,0.0,,1.0,1.0
573.22565,Unknown,0.0,,1.0,1.0
573.22566,Unknown,0.0,,1.0,1.0
573.22567,Unknown,0.0,,1.0,1.0
573.22568,Unknown,0.0,,1.0,1.0
573.23196,Unknown,1.0,1.0,0.0,1.0
573.23197,Unknown,0.0,,0.0,0.0
573.23198,Unknown,0.0,1.0,0.0,0.0
573.23199,Unknown,1.0,1.0,,1.0
573.23201,Unknown,1.0,1.0,,1.0
573.23202,Unknown,1.0,1.0,0.0,1.0
573.23203,Unknown,0.0,1.0,0.0,0.0
573.23204,Unknown,1.0,1.0,,1.0
573.23205,Unknown,1.0,1.0,0.0,1.0
573.23206,Unknown,1.0,1.0,0.0,1.0
573.23207,Unknown,1.0,1.0,0.0,1.0
573.23208,Unknown,0.0,,0.0,0.0
573.23209,Unknown,0.0,,0.0,0.0
573.2321,Unknown,0.0,,0.0,0.0
573.23211,Unknown,1.0,1.0,,1.0
573.23212,Unknown,0.0,,0.0,0.0
573.23213,Unknown,1.0,1.0,,1.0
573.23214,Unknown,1.0,1.0,,1.0
573.23215,Unknown,0.0,1.0,0.0,0.0
573.23216,Unknown,1.0,1.0,,1.0
573.23217,Unknown,1.0,1.0,,1.0
573.23218,PRJNA497126,1.0,1.0,0.0,1.0
573.23219,PRJNA497126,0.0,,0.0,0.0
573.2322,PRJNA313004,0.0,,0.0,0.0
573.23221,PRJNA497126,1.0,1.0,0.0,1.0
573.23222,PRJNA497126,1.0,1.0,,1.0
573.23223,PRJNA497126,0.0,,0.0,0.0
573.23224,PRJNA497126,0.0,1.0,0.0,0.0
573.23225,PRJNA497126,1.0,1.0,0.0,1.0
573.23228,PRJNA497126,1.0,1.0,,1.0
573.23229,PRJNA497126,1.0,1.0,,1.0
573.23233,PRJNA497126,0.0,1.0,0.0,0.0
573.24243,PRJNA296771,1.0,1.0,,
573.24244,PRJNA278886,0.0,0.0,,1.0
573.24245,PRJNA278886,1.0,1.0,,1.0
573.24246,PRJNA278886,0.0,0.0,,
573.24247,PRJNA296771,1.0,1.0,,
573.24248,PRJNA296771,1.0,1.0,,
573.24249,PRJNA278886,0.0,0.0,,1.0
573.24251,PRJNA296771,1.0,1.0,,
573.24252,PRJNA296771,1.0,1.0,,
573.24253,PRJNA278886,0.0,,,
573.24254,PRJNA296771,1.0,1.0,,
573.24255,PRJNA278886,0.0,0.0,,0.0
573.24256,PRJNA296771,1.0,1.0,,
573.24257,PRJNA278886,0.0,0.0,,
573.24258,Unknown,0.0,1.0,,
573.24259,Unknown,0.0,0.0,,
573.24261,Unknown,0.0,1.0,,
573.24262,Unknown,0.0,1.0,,1.0
573.24263,Unknown,1.0,1.0,,
573.24264,Unknown,0.0,1.0,,1.0
573.24265,Unknown,1.0,1.0,,
573.24266,Unknown,0.0,0.0,,0.0
573.24267,Unknown,1.0,1.0,,1.0
573.24268,Unknown,0.0,0.0,,0.0
573.24269,Unknown,0.0,0.0,,
573.24271,Unknown,1.0,1.0,,
573.24272,Unknown,0.0,1.0,,
573.24273,Unknown,0.0,0.0,,
573.24274,Unknown,0.0,1.0,,
573.24275,Unknown,0.0,0.0,,
573.24276,Unknown,0.0,1.0,,
573.24277,Unknown,1.0,1.0,,
573.24278,Unknown,0.0,1.0,,
573.24279,Unknown,0.0,0.0,,0.0
573.24281,Unknown,0.0,1.0,,0.0
573.24282,Unknown,0.0,0.0,,0.0
573.24283,Unknown,0.0,0.0,,1.0
573.24284,Unknown,0.0,0.0,,0.0
573.24285,Unknown,0.0,0.0,,0.0
573.24286,Unknown,1.0,0.0,,1.0
573.24287,Unknown,0.0,0.0,,0.0
573.24288,Unknown,0.0,1.0,,1.0
573.24289,Unknown,0.0,1.0,,1.0
573.24291,Unknown,0.0,1.0,,1.0
573.24292,Unknown,0.0,0.0,,
573.24293,Unknown,0.0,0.0,,0.0
573.24294,Unknown,0.0,1.0,,
573.24295,Unknown,0.0,0.0,,0.0
573.24296,Unknown,0.0,0.0,,0.0
573.24297,Unknown,1.0,1.0,,
573.24298,Unknown,0.0,0.0,,1.0
573.24299,Unknown,0.0,0.0,,
573.24301,Unknown,1.0,0.0,,1.0
573.24302,Unknown,0.0,0.0,,0.0
573.24303,Unknown,0.0,1.0,,1.0
573.24304,Unknown,,1.0,,1.0
573.24305,Unknown,0.0,0.0,,1.0
573.24306,Unknown,0.0,0.0,,1.0
573.24307,Unknown,0.0,0.0,,1.0
573.24308,Unknown,0.0,0.0,,1.0
573.24309,Unknown,1.0,1.0,,1.0
573.24311,Unknown,1.0,1.0,,1.0
573.24312,Unknown,1.0,1.0,,1.0
573.24313,Unknown,,1.0,,
573.24314,Unknown,1.0,1.0,,1.0
573.24315,Unknown,0.0,1.0,,
573.24316,Unknown,1.0,1.0,,
573.24317,Unknown,0.0,1.0,,1.0
573.24318,Unknown,1.0,1.0,,1.0
573.24319,Unknown,1.0,,,1.0
573.24321,Unknown,1.0,,,1.0
573.24322,Unknown,,,,1.0
573.24323,Unknown,1.0,,,1.0
573.24324,Unknown,0.0,,,1.0
573.24325,Unknown,0.0,,,1.0
573.24326,Unknown,,1.0,,1.0
573.24327,Unknown,,1.0,,1.0
573.24328,Unknown,0.0,,,1.0
573.24329,Unknown,0.0,1.0,,1.0
573.24331,Unknown,0.0,1.0,,1.0
573.24332,Unknown,0.0,1.0,,1.0
573.24333,Unknown,,1.0,,1.0
573.24334,Unknown,0.0,1.0,,1.0
573.24335,Unknown,,1.0,,1.0
573.24336,Unknown,0.0,1.0,,1.0
573.24337,Unknown,0.0,1.0,,1.0
573.24338,Unknown,0.0,1.0,,1.0
573.24339,Unknown,0.0,1.0,,1.0
573.24341,Unknown,0.0,1.0,,1.0
573.24342,PRJNA288601,0.0,0.0,,1.0
573.24343,PRJNA288601,1.0,1.0,,1.0
573.24344,PRJNA288601,0.0,1.0,,1.0
573.24345,PRJNA288601,,1.0,,1.0
573.24346,PRJNA288601,,1.0,,1.0
573.24347,PRJNA288601,,1.0,,1.0
573.24348,PRJNA288601,0.0,,,1.0
573.24349,PRJNA288601,0.0,1.0,,1.0
573.24351,PRJNA288601,0.0,1.0,,1.0
573.24352,PRJNA288601,,1.0,,1.0
573.24353,PRJNA288601,0.0,1.0,,1.0
573.24354,PRJNA288601,0.0,1.0,,1.0
573.24355,PRJNA288601,0.0,1.0,,1.0
573.24356,PRJNA288601,,1.0,,1.0
573.24357,PRJNA288601,0.0,1.0,,1.0
573.24358,PRJNA288601,,1.0,,1.0
573.24359,PRJNA288601,,1.0,,1.0
573.24361,PRJNA288601,0.0,,,1.0
573.24362,PRJNA288601,0.0,1.0,,1.0
573.24363,PRJNA288601,0.0,1.0,,1.0
573.24364,PRJNA288601,,,,1.0
573.24365,PRJNA288601,0.0,,,1.0
573.24366,PRJNA288601,0.0,1.0,,1.0
573.24367,PRJNA288601,0.0,,,1.0
573.24368,PRJNA288601,0.0,1.0,,1.0
573.24369,Unknown,0.0,1.0,,1.0
573.24371,Unknown,1.0,0.0,,
573.24372,Unknown,,1.0,,1.0
573.24373,Unknown,0.0,1.0,,1.0
573.24374,Unknown,,1.0,,1.0
573.24375,Unknown,,1.0,,1.0
573.24376,Unknown,0.0,1.0,,1.0
573.24377,Unknown,0.0,1.0,,
573.24378,Unknown,0.0,1.0,,1.0
573.24379,Unknown,,1.0,,1.0
573.24381,Unknown,0.0,0.0,,0.0
573.24382,Unknown,0.0,1.0,,1.0
573.24383,Unknown,,1.0,,1.0
573.24384,Unknown,0.0,0.0,,0.0
573.24385,Unknown,0.0,,,1.0
573.24386,Unknown,0.0,0.0,,0.0
573.24387,Unknown,0.0,1.0,,1.0
573.24388,Unknown,0.0,1.0,,1.0
573.24389,Unknown,,1.0,,1.0
573.24391,Unknown,0.0,1.0,,1.0
573.24392,Unknown,0.0,1.0,,1.0
573.24393,Unknown,0.0,1.0,,1.0
573.24394,Unknown,0.0,1.0,,1.0
573.24395,Unknown,0.0,1.0,,1.0
573.24396,Unknown,0.0,1.0,,1.0
573.24397,Unknown,0.0,,,1.0
573.24398,Unknown,,1.0,,1.0
573.24399,Unknown,,1.0,,1.0
573.24401,Unknown,,1.0,,1.0
573.24402,Unknown,0.0,1.0,,1.0
573.24403,Unknown,,1.0,,1.0
573.24404,Unknown,0.0,1.0,,1.0
573.24405,Unknown,,1.0,,1.0
573.24406,Unknown,,1.0,,1.0
573.24407,Unknown,0.0,1.0,,1.0
573.24408,Unknown,0.0,0.0,,1.0
573.24409,Unknown,,1.0,,1.0
573.24411,Unknown,0.0,1.0,,1.0
573.24412,Unknown,,1.0,,1.0
573.24413,Unknown,1.0,1.0,,1.0
573.24414,Unknown,0.0,1.0,,1.0
573.24415,Unknown,,,,1.0
573.24416,Unknown,0.0,1.0,,1.0
573.24417,Unknown,,,,1.0
573.24418,Unknown,0.0,0.0,,1.0
573.24419,Unknown,0.0,1.0,,1.0
573.24421,Unknown,0.0,1.0,,1.0
573.24422,Unknown,0.0,1.0,,1.0
573.24423,Unknown,,1.0,,1.0
573.24424,Unknown,,1.0,,1.0
573.24425,Unknown,0.0,1.0,,1.0
573.24426,Unknown,,1.0,,1.0
573.24427,Unknown,0.0,,,1.0
573.24428,Unknown,1.0,1.0,,1.0
573.24429,Unknown,0.0,1.0,,1.0
573.24431,Unknown,0.0,1.0,,1.0
573.24432,Unknown,0.0,1.0,,1.0
573.24433,Unknown,0.0,1.0,,1.0
573.24434,Unknown,0.0,1.0,,1.0
573.24435,Unknown,1.0,1.0,,1.0
573.24436,Unknown,,1.0,,1.0
573.24437,Unknown,,1.0,,1.0
573.24438,Unknown,,1.0,,1.0
573.24439,Unknown,0.0,1.0,,1.0
573.24441,Unknown,0.0,1.0,,1.0
573.24442,Unknown,0.0,1.0,,1.0
573.24443,Unknown,0.0,1.0,,1.0
573.24444,Unknown,0.0,1.0,,1.0
573.24445,Unknown,,1.0,,1.0
573.24446,Unknown,0.0,1.0,,1.0
573.24447,Unknown,0.0,1.0,,1.0
573.24448,Unknown,0.0,1.0,,1.0
573.24449,Unknown,0.0,1.0,,1.0
573.24451,Unknown,,1.0,,1.0
573.24452,Unknown,1.0,1.0,,1.0
573.24453,Unknown,0.0,1.0,,1.0
573.24454,Unknown,1.0,1.0,,1.0
573.24455,Unknown,,1.0,,1.0
573.25568,Unknown,,1.0,1.0,1.0
573.25569,Unknown,0.0,1.0,1.0,1.0
573.25927,PRJNA288601,0.0,0.0,,1.0
573.26073,PRJEB31361,0.0,0.0,,0.0
573.26074,PRJEB31361,0.0,0.0,,0.0
573.26075,PRJEB31361,0.0,0.0,,0.0
573.26076,PRJEB31361,0.0,0.0,,0.0
573.26077,PRJEB31361,0.0,0.0,,0.0
573.26078,PRJEB31361,0.0,0.0,,0.0
573.26079,PRJEB31361,0.0,0.0,,0.0
573.26081,PRJEB31361,0.0,1.0,,1.0
573.26082,PRJEB31361,0.0,0.0,,0.0
573.26083,PRJEB31361,0.0,0.0,,0.0
573.26084,PRJEB31361,0.0,0.0,,0.0
573.26085,PRJEB31361,,,,0.0
573.26086,PRJEB31361,0.0,0.0,,0.0
573.26087,PRJEB31361,0.0,,,0.0
573.26088,PRJEB31361,,,,0.0
573.26089,PRJEB31361,0.0,0.0,,0.0
573.26091,PRJEB31361,0.0,0.0,,0.0
573.26092,PRJEB31361,,,,1.0
573.26093,PRJEB31361,0.0,0.0,,0.0
573.26094,PRJEB31361,0.0,0.0,,0.0
573.26095,PRJEB31361,0.0,1.0,,0.0
573.26096,PRJEB31361,0.0,1.0,,0.0
573.26097,PRJEB31361,0.0,,,1.0
573.26098,PRJEB31361,0.0,0.0,,0.0
573.26099,Unknown,0.0,0.0,,
573.26101,Unknown,0.0,0.0,,0.0
573.26102,Unknown,0.0,,,0.0
573.26103,Unknown,0.0,0.0,,
573.26105,Unknown,,1.0,,1.0
573.26106,Unknown,0.0,0.0,,0.0
573.26107,Unknown,0.0,0.0,,0.0
573.26108,Unknown,0.0,0.0,,0.0
573.26109,Unknown,0.0,0.0,,0.0
573.26111,Unknown,0.0,0.0,,0.0
573.26112,Unknown,0.0,0.0,,0.0
573.26113,Unknown,0.0,0.0,,0.0
573.26114,Unknown,0.0,0.0,,0.0
573.26115,Unknown,0.0,0.0,,0.0
573.26116,Unknown,0.0,0.0,,0.0
573.26117,Unknown,,1.0,,1.0
573.26118,Unknown,0.0,0.0,,0.0
573.26119,Unknown,0.0,0.0,,0.0
573.26121,Unknown,0.0,0.0,,0.0
573.26122,Unknown,0.0,1.0,,
573.26123,Unknown,0.0,0.0,,0.0
573.26124,Unknown,0.0,0.0,,0.0
573.26125,Unknown,0.0,0.0,,0.0
573.26126,Unknown,0.0,0.0,,0.0
573.26127,Unknown,0.0,0.0,,0.0
573.26128,Unknown,0.0,0.0,,0.0
573.26129,Unknown,0.0,0.0,,0.0
573.26131,Unknown,0.0,0.0,,0.0
573.26132,Unknown,0.0,1.0,,1.0
573.26133,Unknown,0.0,0.0,,0.0
573.26134,Unknown,0.0,0.0,,0.0
573.26135,Unknown,0.0,0.0,,0.0
573.26136,Unknown,0.0,0.0,,
573.26137,Unknown,0.0,0.0,,0.0
573.26138,Unknown,0.0,0.0,,
573.26139,Unknown,0.0,1.0,,
573.26141,Unknown,0.0,0.0,,0.0
573.26142,Unknown,,0.0,,
573.26143,Unknown,0.0,0.0,,0.0
573.26144,Unknown,0.0,0.0,,0.0
573.26145,Unknown,0.0,0.0,,0.0
573.26146,Unknown,0.0,0.0,,0.0
573.26147,Unknown,0.0,0.0,,0.0
573.26148,Unknown,0.0,0.0,,0.0
573.26149,Unknown,0.0,0.0,,0.0
573.26151,Unknown,0.0,1.0,,0.0
573.26152,Unknown,0.0,0.0,,0.0
573.26153,Unknown,0.0,0.0,,0.0
573.26154,Unknown,0.0,0.0,,0.0
573.26155,Unknown,0.0,0.0,,0.0
573.26156,Unknown,0.0,0.0,,0.0
573.26157,Unknown,0.0,0.0,,0.0
573.26158,Unknown,0.0,0.0,,0.0
573.26159,Unknown,0.0,0.0,,0.0
573.26161,Unknown,0.0,0.0,,0.0
573.26162,Unknown,,1.0,,0.0
573.26163,Unknown,0.0,0.0,,0.0
573.26164,Unknown,0.0,0.0,,0.0
573.26165,Unknown,,,,0.0
573.26166,Unknown,1.0,1.0,,1.0
573.26167,Unknown,0.0,0.0,,0.0
573.26168,Unknown,0.0,1.0,,
573.26169,Unknown,,,,0.0
573.26171,Unknown,0.0,0.0,,0.0
573.26172,Unknown,0.0,0.0,,
573.26173,Unknown,0.0,0.0,,0.0
573.26174,Unknown,0.0,0.0,,0.0
573.26175,Unknown,0.0,0.0,,0.0
573.26176,Unknown,0.0,0.0,,
573.26177,Unknown,0.0,0.0,,0.0
573.26178,PRJEB31361,0.0,0.0,,0.0
573.26179,PRJEB31361,0.0,0.0,,0.0
573.26181,PRJEB31361,0.0,0.0,,0.0
573.26182,PRJEB31361,0.0,0.0,,0.0
573.26183,PRJEB31361,0.0,0.0,,0.0
573.26184,PRJEB31361,0.0,0.0,,0.0
573.26185,PRJEB31361,0.0,0.0,,0.0
573.26186,PRJEB31361,0.0,0.0,,0.0
573.26187,PRJEB31361,0.0,0.0,,0.0
573.26188,PRJEB31361,0.0,0.0,,0.0
573.26189,PRJEB31361,0.0,0.0,,0.0
573.26191,PRJEB31361,0.0,0.0,,0.0
573.26192,PRJEB31361,0.0,0.0,,0.0
573.26193,PRJEB31361,0.0,0.0,,0.0
573.26194,PRJEB31361,0.0,0.0,,0.0
573.26195,PRJEB31361,0.0,0.0,,0.0
573.26196,PRJEB31361,1.0,,,1.0
573.26197,PRJEB31361,0.0,0.0,,0.0
573.26198,PRJEB31361,0.0,0.0,,0.0
573.26199,PRJEB31361,0.0,0.0,,0.0
573.26201,PRJEB31361,0.0,,,0.0
573.26202,PRJEB31361,0.0,0.0,,
573.26203,PRJEB31361,0.0,0.0,,
573.26204,PRJEB31361,0.0,0.0,,0.0
573.26205,PRJEB31361,0.0,0.0,,0.0
573.26206,Unknown,0.0,0.0,,
573.26207,Unknown,0.0,0.0,,0.0
573.26208,Unknown,0.0,0.0,,
573.26209,Unknown,0.0,0.0,,0.0
573.26211,Unknown,0.0,0.0,,0.0
573.26212,Unknown,0.0,0.0,,0.0
573.26213,Unknown,0.0,0.0,,0.0
573.26214,Unknown,0.0,,,0.0
573.26215,Unknown,0.0,0.0,,0.0
573.26216,Unknown,0.0,,,0.0
573.26217,Unknown,0.0,0.0,,0.0
573.26218,Unknown,0.0,0.0,,0.0
573.26219,Unknown,0.0,0.0,,0.0
573.26221,Unknown,0.0,0.0,,0.0
573.26222,Unknown,0.0,0.0,,0.0
573.26223,Unknown,0.0,0.0,,0.0
573.26224,Unknown,0.0,0.0,,0.0
573.26225,Unknown,0.0,0.0,,0.0
573.26226,Unknown,0.0,0.0,,
573.26227,Unknown,0.0,0.0,,
573.26228,Unknown,0.0,0.0,,0.0
573.26229,Unknown,,1.0,,1.0
573.26232,Unknown,0.0,1.0,,0.0
573.26233,Unknown,0.0,0.0,,0.0
573.26234,Unknown,0.0,0.0,,0.0
573.26235,Unknown,0.0,,,0.0
573.26236,Unknown,0.0,1.0,,0.0
573.26237,Unknown,0.0,0.0,,0.0
573.26238,Unknown,0.0,1.0,,1.0
573.26239,Unknown,,1.0,,1.0
573.26241,Unknown,0.0,0.0,,0.0
573.26242,Unknown,0.0,0.0,,0.0
573.26243,Unknown,0.0,0.0,,0.0
573.26244,Unknown,,1.0,,1.0
573.26245,Unknown,0.0,0.0,,0.0
573.26246,Unknown,0.0,0.0,,0.0
573.26247,Unknown,0.0,0.0,,0.0
573.26248,Unknown,,1.0,,1.0
573.26249,Unknown,0.0,0.0,,0.0
573.26251,Unknown,0.0,0.0,,0.0
573.26252,Unknown,0.0,1.0,,1.0
573.26253,Unknown,0.0,1.0,,0.0
573.26254,Unknown,0.0,0.0,,0.0
573.26255,Unknown,0.0,0.0,,1.0
573.26256,Unknown,0.0,1.0,,0.0
573.26257,Unknown,0.0,1.0,,0.0
573.26258,Unknown,0.0,1.0,,1.0
573.26259,Unknown,0.0,0.0,,0.0
573.26261,Unknown,0.0,0.0,,0.0
573.26262,Unknown,0.0,1.0,,0.0
573.26263,Unknown,0.0,0.0,,0.0
573.26264,Unknown,0.0,0.0,,0.0
573.26265,Unknown,0.0,0.0,,1.0
573.26266,Unknown,0.0,1.0,,0.0
573.26267,Unknown,0.0,0.0,,0.0
573.26268,Unknown,,1.0,,1.0
573.26269,Unknown,0.0,0.0,,0.0
573.26271,Unknown,0.0,0.0,,0.0
573.26272,Unknown,0.0,0.0,,0.0
573.26273,Unknown,0.0,1.0,,0.0
573.26274,Unknown,0.0,0.0,,0.0
573.26275,Unknown,0.0,1.0,,
573.26276,Unknown,0.0,1.0,,0.0
573.26277,Unknown,0.0,0.0,,0.0
573.26278,Unknown,,1.0,,1.0
573.26279,Unknown,0.0,1.0,,1.0
573.26281,Unknown,0.0,1.0,,
573.26282,Unknown,0.0,0.0,,0.0
573.26283,Unknown,0.0,0.0,,0.0
573.26284,Unknown,0.0,0.0,,0.0
573.26285,Unknown,0.0,0.0,,0.0
573.26286,Unknown,0.0,0.0,,
573.26287,Unknown,0.0,0.0,,0.0
573.26288,Unknown,0.0,1.0,,0.0
573.26289,Unknown,0.0,0.0,,0.0
573.26291,PRJEB31361,0.0,0.0,,0.0
573.26292,PRJEB31361,0.0,1.0,,
573.26293,PRJEB31361,,1.0,,0.0
573.26294,PRJEB31361,0.0,0.0,,0.0
573.26295,PRJEB31361,,1.0,,0.0
573.26296,PRJEB31361,,1.0,,1.0
573.26297,PRJEB31361,0.0,1.0,,
573.26298,PRJEB31361,0.0,1.0,,0.0
573.26299,PRJEB31361,0.0,1.0,,0.0
573.26301,PRJEB31361,0.0,0.0,,0.0
573.26302,PRJEB31361,0.0,0.0,,0.0
573.26303,PRJEB31361,0.0,1.0,,0.0
573.26304,PRJEB31361,0.0,1.0,,0.0
573.26305,PRJEB31361,0.0,1.0,,0.0
573.26306,PRJEB31361,0.0,0.0,,0.0
573.26307,PRJEB31361,0.0,1.0,,1.0
573.26308,PRJEB31361,,1.0,,0.0
573.26309,PRJEB31361,0.0,0.0,,0.0
573.26311,PRJEB31361,0.0,1.0,,0.0
573.26312,PRJEB31361,0.0,0.0,,0.0
573.26313,PRJEB31361,0.0,0.0,,0.0
573.26314,PRJEB31361,0.0,0.0,,0.0
573.26315,PRJEB31361,0.0,1.0,,0.0
573.26316,PRJEB31361,0.0,0.0,,0.0
573.26317,PRJEB31361,,1.0,,1.0
573.26318,Unknown,0.0,0.0,,0.0
573.26319,Unknown,0.0,1.0,,0.0
573.26321,Unknown,0.0,1.0,,
573.26322,Unknown,0.0,0.0,,0.0
573.26323,Unknown,0.0,0.0,,0.0
573.29861,Unknown,1.0,,1.0,
573.29862,Unknown,1.0,,0.0,
573.29863,Unknown,1.0,,0.0,
573.29864,Unknown,1.0,,1.0,
573.29865,Unknown,1.0,,0.0,
573.29866,Unknown,0.0,,0.0,
573.29867,Unknown,1.0,,0.0,
573.29868,Unknown,1.0,,0.0,
573.29869,Unknown,1.0,,0.0,
573.29871,Unknown,1.0,,0.0,
573.29872,Unknown,1.0,,1.0,
573.29873,Unknown,1.0,,0.0,
573.29874,Unknown,0.0,,0.0,
573.29875,Unknown,1.0,,0.0,
573.29876,Unknown,0.0,,0.0,
573.29877,Unknown,1.0,,0.0,
573.29878,Unknown,0.0,,0.0,
573.29879,Unknown,0.0,,0.0,
573.29881,Unknown,0.0,,0.0,
573.29882,Unknown,0.0,,0.0,
573.29883,Unknown,0.0,,0.0,
573.29884,Unknown,0.0,,0.0,
573.29885,Unknown,0.0,,0.0,
573.29886,Unknown,1.0,,1.0,
573.29888,Unknown,1.0,,0.0,
573.29889,Unknown,0.0,,0.0,
573.29891,Unknown,0.0,,0.0,
573.29892,Unknown,0.0,,0.0,
573.29893,Unknown,1.0,,0.0,
573.29894,Unknown,0.0,,0.0,
573.29895,Unknown,0.0,,0.0,
573.29896,Unknown,1.0,,0.0,
573.29897,Unknown,1.0,,0.0,
573.29898,Unknown,1.0,,1.0,
573.29899,Unknown,1.0,,0.0,
573.29901,Unknown,0.0,,0.0,
573.29902,Unknown,0.0,,0.0,
573.29903,Unknown,1.0,,0.0,
573.29904,Unknown,1.0,,1.0,
573.29905,Unknown,1.0,,0.0,
573.29906,Unknown,1.0,,0.0,
573.29907,Unknown,0.0,,0.0,
573.29908,Unknown,1.0,,1.0,
573.29909,Unknown,1.0,,0.0,
573.29911,Unknown,0.0,,0.0,
573.29912,Unknown,0.0,,0.0,
573.29913,Unknown,1.0,,0.0,
573.29914,Unknown,0.0,,0.0,
573.29915,Unknown,0.0,,0.0,
573.29916,Unknown,1.0,,0.0,
573.29917,Unknown,1.0,,0.0,
573.29918,Unknown,0.0,,0.0,
573.29919,Unknown,1.0,,0.0,
573.29921,Unknown,0.0,,0.0,
573.29922,Unknown,1.0,,0.0,
573.29923,Unknown,0.0,,0.0,
573.29924,Unknown,0.0,,1.0,
573.29925,Unknown,1.0,,1.0,
573.29926,Unknown,1.0,,1.0,
573.29927,Unknown,0.0,,0.0,
573.29928,Unknown,1.0,,0.0,
573.29929,Unknown,1.0,,0.0,
573.29931,Unknown,1.0,,1.0,
573.29932,Unknown,0.0,,0.0,
573.29933,Unknown,1.0,,0.0,
573.29934,Unknown,1.0,,0.0,
573.29935,Unknown,1.0,,1.0,
573.29936,Unknown,1.0,,1.0,
573.29937,Unknown,0.0,,0.0,
573.29938,Unknown,1.0,,0.0,
573.29939,PRJEB22890,0.0,,0.0,
573.29941,PRJEB22890,1.0,,0.0,
573.29942,PRJEB22890,0.0,,0.0,
573.29943,PRJEB22890,0.0,,1.0,
573.29944,PRJEB22890,0.0,,0.0,
573.29945,PRJEB22890,0.0,,0.0,
573.29946,PRJEB22890,1.0,,0.0,
573.29947,PRJEB22890,0.0,,0.0,
573.29948,PRJEB22890,1.0,,0.0,
573.29949,PRJEB22890,0.0,,1.0,
573.29951,PRJEB22890,0.0,,1.0,
573.29952,PRJEB22890,1.0,,0.0,
573.29953,PRJEB22890,0.0,,0.0,
573.29954,PRJEB22890,0.0,,1.0,
573.29955,PRJEB22890,0.0,,1.0,
573.29956,PRJEB22890,0.0,,0.0,
573.29957,PRJEB22890,0.0,,0.0,
573.29958,PRJEB22890,0.0,,0.0,
573.29959,PRJEB22890,0.0,,0.0,
573.29961,PRJEB22890,1.0,,1.0,
573.29962,PRJEB22890,0.0,,0.0,
573.29963,PRJEB22890,0.0,,0.0,
573.29964,PRJEB22890,0.0,,0.0,
573.29965,PRJEB22890,1.0,,0.0,
573.29966,PRJEB22890,0.0,,1.0,
573.29967,Unknown,0.0,,0.0,
573.29968,Unknown,1.0,,1.0,
573.29969,Unknown,1.0,,0.0,
573.29971,Unknown,0.0,,0.0,
573.29972,Unknown,1.0,,0.0,
573.29973,Unknown,1.0,,1.0,
573.29974,Unknown,1.0,,0.0,
573.29975,Unknown,0.0,,0.0,
573.29976,Unknown,0.0,,0.0,
573.29977,Unknown,1.0,,0.0,
573.29978,Unknown,1.0,,1.0,
573.29979,Unknown,1.0,,0.0,
573.29981,Unknown,1.0,,0.0,
573.29982,Unknown,1.0,,0.0,
573.29983,Unknown,0.0,,0.0,
573.29984,Unknown,1.0,,0.0,
573.29985,Unknown,1.0,,0.0,
573.29986,Unknown,0.0,,0.0,
573.29987,Unknown,1.0,,0.0,
573.29988,Unknown,1.0,,0.0,
573.29989,Unknown,0.0,,0.0,
573.29991,Unknown,0.0,,1.0,
573.29992,Unknown,1.0,,0.0,
573.29993,Unknown,1.0,,1.0,
573.29994,Unknown,1.0,,0.0,
573.29995,Unknown,0.0,,0.0,
573.29996,Unknown,1.0,,0.0,
573.29997,Unknown,1.0,,0.0,
573.29998,Unknown,1.0,,0.0,
573.29999,Unknown,0.0,,0.0,
573.30001,Unknown,1.0,,0.0,
573.30002,Unknown,0.0,,0.0,
573.30003,Unknown,0.0,,0.0,
573.30004,Unknown,1.0,,0.0,
573.30005,Unknown,1.0,,0.0,
573.30006,Unknown,1.0,,0.0,
573.30007,Unknown,1.0,,0.0,
573.30008,Unknown,1.0,,0.0,
573.30009,Unknown,1.0,,0.0,
573.30011,Unknown,1.0,,0.0,
573.30012,Unknown,1.0,,0.0,
573.30013,Unknown,1.0,,0.0,
573.30014,Unknown,0.0,,0.0,
573.30015,Unknown,1.0,,0.0,
573.30016,Unknown,0.0,,0.0,
573.30017,Unknown,1.0,,0.0,
573.31061,Unknown,,1.0,,
573.31062,Unknown,,1.0,,
573.31063,Unknown,,0.0,,
573.31064,Unknown,,1.0,,
573.31067,Unknown,,1.0,,
573.31068,Unknown,,0.0,,
573.31069,Unknown,,0.0,,
573.31071,Unknown,,0.0,,
573.31072,Unknown,,1.0,,
573.31073,Unknown,,0.0,,
573.31074,Unknown,,1.0,,
573.31075,Unknown,,0.0,,
573.31076,Unknown,,0.0,,
573.31077,Unknown,,1.0,,
573.31078,Unknown,,0.0,,
573.31079,Unknown,,0.0,,
573.31081,Unknown,,0.0,,
573.31082,Unknown,,0.0,,
573.31083,Unknown,,0.0,,
573.31084,Unknown,,0.0,,
573.33391,Unknown,1.0,,,1.0
573.33392,Unknown,1.0,,,1.0
573.33393,Unknown,1.0,,,1.0
573.33394,Unknown,1.0,,,1.0
573.33395,Unknown,1.0,,,1.0
573.33396,Unknown,1.0,,,1.0
573.33397,Unknown,1.0,,,1.0
573.33398,Unknown,1.0,,,1.0
573.33399,Unknown,1.0,,,1.0
573.33401,Unknown,1.0,,,1.0
573.33402,Unknown,1.0,,,1.0
573.33403,Unknown,1.0,,,1.0
573.33404,Unknown,1.0,,,1.0
573.33405,Unknown,1.0,,,1.0
573.33406,Unknown,1.0,,,1.0
573.33407,Unknown,1.0,,,1.0
573.33408,Unknown,1.0,,,1.0
573.33409,Unknown,1.0,,,1.0
573.33411,Unknown,1.0,,,1.0
573.33412,Unknown,1.0,,,1.0
573.33413,Unknown,1.0,,,1.0
573.33414,Unknown,1.0,,,0.0
573.33415,Unknown,1.0,,,1.0
573.33416,Unknown,1.0,,,1.0
573.33417,Unknown,1.0,,,1.0
573.33418,Unknown,1.0,,,1.0
573.33419,Unknown,1.0,,,1.0
573.33421,Unknown,1.0,,,1.0
573.33422,Unknown,1.0,,,1.0
573.34234,PRJEB6891,0.0,0.0,,0.0
573.34237,PRJEB6891,1.0,0.0,,0.0
573.34239,PRJEB6891,0.0,0.0,,1.0
573.34246,PRJEB6891,0.0,0.0,,0.0
573.34248,PRJEB6891,0.0,0.0,,0.0
573.34252,Unknown,0.0,0.0,,0.0
573.34254,Unknown,0.0,0.0,,0.0
573.34255,Unknown,1.0,0.0,,0.0
573.34261,Unknown,0.0,0.0,,0.0
573.34262,Unknown,0.0,0.0,,0.0
573.34278,Unknown,0.0,0.0,,1.0
573.34283,Unknown,0.0,0.0,,0.0
573.34284,Unknown,0.0,0.0,,0.0
573.34294,Unknown,0.0,0.0,,0.0
573.34297,Unknown,0.0,0.0,,0.0
573.34302,Unknown,0.0,0.0,,0.0
573.35513,Unknown,0.0,0.0,,0.0
573.46064,Unknown,0.0,0.0,,0.0
573.46065,Unknown,0.0,0.0,,0.0
573.46066,Unknown,0.0,0.0,,0.0
573.46067,Unknown,0.0,0.0,,0.0
573.46068,Unknown,0.0,1.0,,1.0
573.46069,Unknown,0.0,1.0,,1.0
573.46071,Unknown,0.0,1.0,,1.0
573.46072,Unknown,0.0,1.0,,1.0
573.46073,Unknown,0.0,0.0,,1.0
573.46074,Unknown,0.0,1.0,,1.0
573.46075,Unknown,0.0,1.0,,1.0
573.46076,Unknown,1.0,0.0,,0.0
573.46077,Unknown,0.0,0.0,,0.0
573.46078,Unknown,0.0,0.0,,0.0
573.46079,Unknown,0.0,0.0,,0.0
573.46081,Unknown,0.0,0.0,,0.0
573.46082,Unknown,0.0,0.0,,0.0
573.46083,Unknown,0.0,0.0,,0.0
573.46084,Unknown,0.0,0.0,,0.0
573.46085,Unknown,0.0,0.0,,0.0
573.46087,Unknown,0.0,0.0,,0.0
573.46088,Unknown,0.0,0.0,,0.0
573.46089,Unknown,0.0,0.0,,0.0
573.46091,Unknown,0.0,0.0,,0.0
573.46092,Unknown,0.0,0.0,,0.0
573.46093,Unknown,0.0,0.0,,0.0
573.46094,Unknown,0.0,0.0,,0.0
573.46095,Unknown,0.0,0.0,,0.0
573.46096,Unknown,0.0,0.0,,0.0
573.46097,Unknown,0.0,0.0,,0.0
573.46098,Unknown,0.0,0.0,,0.0
573.46099,Unknown,0.0,0.0,,0.0
573.46101,Unknown,0.0,0.0,,0.0
573.46102,Unknown,0.0,0.0,,0.0
573.46103,Unknown,0.0,0.0,,0.0
573.46104,Unknown,0.0,0.0,,0.0
573.46105,Unknown,0.0,0.0,,0.0
573.46107,Unknown,0.0,0.0,,0.0
573.46108,Unknown,0.0,0.0,,0.0
573.46109,Unknown,0.0,0.0,,0.0
573.46112,Unknown,0.0,0.0,,0.0
573.46113,Unknown,0.0,0.0,,0.0
573.46114,Unknown,0.0,0.0,,0.0
573.46115,Unknown,0.0,0.0,,0.0
573.46116,Unknown,0.0,0.0,,0.0
573.46117,Unknown,0.0,0.0,,0.0
573.46118,Unknown,0.0,0.0,,0.0
573.46119,Unknown,0.0,0.0,,0.0
573.46829,Unknown,1.0,1.0,0.0,1.0
573.46831,Unknown,0.0,1.0,0.0,1.0
573.46832,Unknown,1.0,1.0,0.0,1.0
573.46833,Unknown,1.0,1.0,0.0,1.0
573.46834,Unknown,0.0,1.0,0.0,1.0
573.46835,Unknown,1.0,1.0,0.0,1.0
573.46836,Unknown,1.0,1.0,0.0,1.0
573.46837,Unknown,0.0,1.0,0.0,1.0
573.46838,Unknown,1.0,1.0,0.0,1.0
573.46839,Unknown,0.0,1.0,0.0,1.0
573.46841,Unknown,1.0,1.0,0.0,1.0
573.46842,Unknown,1.0,1.0,0.0,1.0
573.46843,Unknown,1.0,1.0,0.0,1.0
573.46844,Unknown,1.0,1.0,1.0,1.0
573.46845,Unknown,1.0,1.0,0.0,1.0
573.46846,PRJNA643814,1.0,1.0,0.0,1.0
573.46847,PRJNA643814,1.0,1.0,0.0,1.0
573.46848,PRJNA643814,1.0,1.0,0.0,1.0
573.46849,PRJNA643814,1.0,1.0,0.0,1.0
573.46851,PRJNA643814,1.0,1.0,1.0,1.0
573.46852,PRJNA643814,1.0,1.0,1.0,1.0
573.46853,PRJNA643814,1.0,1.0,0.0,1.0
573.46854,PRJNA643814,1.0,1.0,0.0,1.0
573.46855,PRJNA643814,1.0,1.0,0.0,1.0
573.46856,PRJNA643814,1.0,1.0,0.0,1.0
573.46857,PRJNA643814,1.0,1.0,0.0,1.0
573.46858,PRJNA643814,1.0,1.0,0.0,1.0
573.46859,PRJNA643814,1.0,1.0,0.0,1.0
573.46861,PRJNA643814,1.0,1.0,0.0,1.0
573.46862,PRJNA643814,1.0,1.0,1.0,1.0
573.46863,PRJNA643814,1.0,1.0,0.0,1.0
573.46864,PRJNA643814,1.0,1.0,0.0,1.0
573.46865,PRJNA643814,1.0,1.0,0.0,1.0
573.46866,PRJNA643814,1.0,1.0,0.0,1.0
573.46867,PRJNA643814,1.0,1.0,0.0,1.0
573.46868,PRJNA643814,1.0,1.0,0.0,1.0
573.46869,PRJNA643814,1.0,1.0,0.0,1.0
573.46871,PRJNA643814,1.0,1.0,1.0,1.0
573.46872,PRJNA643814,1.0,1.0,0.0,1.0
573.46873,PRJNA643814,1.0,1.0,0.0,1.0
573.46874,Unknown,1.0,1.0,0.0,1.0
573.46875,Unknown,0.0,1.0,0.0,1.0
573.46876,Unknown,1.0,1.0,0.0,1.0
573.46877,Unknown,1.0,1.0,0.0,1.0
573.5623,Unknown,,1.0,1.0,1.0
573.5624,Unknown,1.0,1.0,1.0,1.0
573.5636,Unknown,1.0,1.0,1.0,1.0
573.5638,Unknown,0.0,1.0,1.0,1.0
573.5644,Unknown,0.0,1.0,1.0,1.0
573.5645,Unknown,1.0,1.0,1.0,1.0
573.5646,Unknown,1.0,1.0,1.0,1.0
573.5647,Unknown,1.0,1.0,1.0,1.0
573.5649,Unknown,0.0,1.0,,
573.5658,Unknown,0.0,,,
573.5661,Unknown,0.0,,,
573.5663,Unknown,0.0,1.0,,1.0
573.5665,Unknown,0.0,1.0,,1.0
573.5672,Unknown,0.0,1.0,,1.0
573.5673,Unknown,0.0,1.0,,0.0
573.5676,Unknown,0.0,0.0,,0.0
573.5677,Unknown,0.0,1.0,,
573.5678,Unknown,0.0,1.0,,1.0
573.5679,Unknown,0.0,1.0,,1.0
573.5681,Unknown,0.0,1.0,,1.0
573.5682,Unknown,0.0,,,1.0
573.5683,Unknown,0.0,0.0,,0.0
573.5684,Unknown,0.0,0.0,,1.0
573.5687,Unknown,1.0,1.0,,1.0
573.5691,Unknown,0.0,0.0,,0.0
573.5692,Unknown,0.0,1.0,,1.0
573.5694,Unknown,0.0,0.0,,0.0
573.5695,Unknown,0.0,1.0,,
573.5697,Unknown,1.0,1.0,,1.0
573.5698,Unknown,0.0,1.0,,1.0
573.5701,Unknown,0.0,,,1.0
573.5702,Unknown,0.0,0.0,,0.0
573.5705,Unknown,0.0,1.0,,1.0
573.5706,Unknown,0.0,0.0,,1.0
573.5707,Unknown,0.0,0.0,,0.0
573.5709,Unknown,0.0,,,0.0
573.5711,Unknown,0.0,0.0,,0.0
573.5712,Unknown,0.0,1.0,,0.0
573.5716,Unknown,0.0,1.0,,1.0
573.5717,Unknown,0.0,0.0,,
573.5719,Unknown,1.0,0.0,,1.0
573.5722,Unknown,0.0,0.0,,
573.5724,Unknown,0.0,0.0,,0.0
573.5726,Unknown,0.0,0.0,,1.0
573.5763,Unknown,,1.0,1.0,1.0
573.5764,Unknown,,1.0,1.0,1.0
573.5765,Unknown,,1.0,1.0,1.0
573.5766,Unknown,1.0,1.0,1.0,1.0
573.5767,Unknown,1.0,1.0,1.0,1.0
573.5768,Unknown,,1.0,1.0,1.0
573.5769,Unknown,1.0,1.0,1.0,1.0
573.5777,Unknown,,1.0,1.0,1.0
573.5778,Unknown,1.0,1.0,1.0,1.0
573.5779,Unknown,0.0,1.0,1.0,1.0
573.5781,Unknown,0.0,1.0,1.0,1.0
573.5793,Unknown,0.0,1.0,,
573.5794,Unknown,0.0,1.0,,1.0
573.5795,Unknown,0.0,1.0,,
573.5796,Unknown,0.0,0.0,,1.0
573.5797,Unknown,0.0,1.0,,1.0
573.5798,Unknown,1.0,,,1.0
573.5799,Unknown,0.0,0.0,,
573.5801,Unknown,0.0,,,1.0
573.5802,Unknown,0.0,1.0,,0.0
573.5803,Unknown,0.0,,,
573.5804,Unknown,0.0,0.0,,0.0
573.5805,Unknown,0.0,1.0,,1.0
573.5806,Unknown,0.0,,,
573.5807,Unknown,0.0,1.0,,1.0
573.5808,Unknown,0.0,1.0,,1.0
573.5809,Unknown,0.0,1.0,,0.0
573.5811,PRJEB11403,0.0,1.0,,1.0
573.5812,PRJEB11403,0.0,,,
573.5813,PRJEB11403,0.0,1.0,,0.0
573.5814,PRJEB11403,0.0,,,0.0
573.5815,PRJEB11403,0.0,1.0,,1.0
573.5816,PRJEB11403,0.0,1.0,,
573.5817,PRJEB11403,0.0,1.0,,1.0
573.5818,PRJEB11403,0.0,,,
573.5819,PRJEB11403,0.0,1.0,,
573.5821,PRJEB11403,0.0,0.0,,
573.5822,PRJEB11403,0.0,0.0,,
573.5823,PRJEB11403,0.0,1.0,,1.0
573.5824,PRJEB11403,0.0,0.0,,1.0
573.5825,PRJEB11403,0.0,0.0,,
573.5826,PRJEB11403,0.0,0.0,,
573.5827,PRJEB11403,0.0,0.0,,0.0
573.5828,PRJEB11403,0.0,0.0,,0.0
573.65893,PRJNA530794,0.0,0.0,,
573.65896,PRJNA530794,,0.0,,
573.66101,PRJEB19229,0.0,,,1.0
573.66102,PRJEB19229,,,,1.0
573.66103,PRJEB19229,0.0,,,1.0
573.66104,PRJEB19229,0.0,,,1.0
573.66105,PRJEB19229,0.0,,,1.0
573.66106,PRJEB19229,0.0,,,1.0
573.66107,Unknown,0.0,,,1.0
573.66108,Unknown,0.0,,,1.0
573.66109,Unknown,0.0,,,1.0
573.66111,Unknown,1.0,,,1.0
573.66112,Unknown,0.0,,,1.0
573.66113,Unknown,0.0,,,1.0
573.66114,Unknown,1.0,,,1.0
573.66115,Unknown,1.0,,,1.0
573.66116,Unknown,1.0,,,1.0
573.66117,Unknown,1.0,,,1.0
573.66118,Unknown,0.0,,,1.0
573.66119,Unknown,0.0,,,1.0
573.66121,Unknown,0.0,,,1.0
573.66122,Unknown,0.0,,,1.0
573.66123,Unknown,0.0,,,1.0
573.66124,Unknown,0.0,,,1.0
573.66125,Unknown,0.0,,,1.0
573.66126,Unknown,0.0,,,1.0
573.66127,Unknown,1.0,,,1.0
573.66128,Unknown,0.0,,,1.0
573.66129,Unknown,0.0,,,1.0
573.66131,Unknown,0.0,,,1.0
573.66132,Unknown,0.0,,,1.0
573.66133,Unknown,0.0,,,1.0
573.66134,Unknown,0.0,,,1.0
573.66135,Unknown,0.0,,,1.0
573.66136,Unknown,0.0,,,1.0
573.66137,Unknown,0.0,,,1.0
573.66138,Unknown,0.0,,,1.0
573.66139,Unknown,0.0,,,1.0
573.66141,Unknown,0.0,,,1.0
573.66142,Unknown,0.0,,,1.0
573.66143,Unknown,0.0,,,1.0
573.66144,Unknown,0.0,,,1.0
573.66145,Unknown,0.0,,,1.0
573.66146,Unknown,0.0,,,1.0
573.66147,Unknown,0.0,,,1.0
573.66148,Unknown,1.0,,,1.0
573.66149,Unknown,0.0,,,1.0
573.66151,Unknown,1.0,,,1.0
573.66152,Unknown,0.0,,,1.0
573.66153,Unknown,1.0,,,1.0
573.66154,Unknown,1.0,,,1.0
573.66155,Unknown,0.0,,,1.0
573.66156,Unknown,0.0,,,1.0
573.66157,Unknown,0.0,,,1.0
573.66158,Unknown,0.0,,,1.0
573.66159,Unknown,1.0,,,1.0
573.66161,Unknown,0.0,,,1.0
573.66162,Unknown,0.0,,,1.0
573.66163,Unknown,,,,1.0
573.66164,Unknown,0.0,,,1.0
573.66165,Unknown,0.0,,,1.0
573.66166,Unknown,0.0,,,1.0
573.66167,Unknown,,,,1.0
573.66168,Unknown,1.0,,,1.0
573.66169,Unknown,0.0,,,1.0
573.66171,Unknown,0.0,,,1.0
573.66186,Unknown,0.0,,,1.0
573.66212,Unknown,0.0,,,
573.66213,Unknown,0.0,,,
573.66214,Unknown,0.0,,,
573.66215,Unknown,0.0,,,
573.66216,Unknown,0.0,,,
573.66217,Unknown,0.0,,,
573.66218,Unknown,0.0,,,
573.66219,Unknown,0.0,,,
573.66221,Unknown,0.0,,,
573.66223,Unknown,0.0,,,
573.66228,Unknown,1.0,,,
573.66231,Unknown,1.0,,,
573.66232,Unknown,1.0,,,
573.66233,Unknown,0.0,,,
573.66234,Unknown,0.0,,,
573.66235,Unknown,1.0,,,
573.66237,PRJEB28400,1.0,,,
573.66239,PRJEB28400,1.0,,,
573.66241,PRJEB28400,0.0,,,
573.66242,PRJEB28400,0.0,,,
573.66243,PRJEB28400,1.0,,,
573.66244,PRJEB28400,0.0,,,
573.66245,PRJEB28400,0.0,,,
573.66249,PRJEB28400,0.0,,,
573.66252,PRJEB28400,1.0,,,
573.66253,PRJEB28400,0.0,,,
573.66255,PRJEB28400,0.0,,,
573.66256,PRJEB28400,0.0,,,
573.66258,PRJEB28400,0.0,,,
573.66262,PRJEB28400,1.0,,,
573.66263,PRJEB28400,0.0,,,
573.66264,PRJEB28400,1.0,,,
573.66265,PRJEB28400,0.0,,,
573.66267,PRJEB28400,0.0,,,
573.66268,PRJEB28400,0.0,,,
573.66273,PRJEB28400,0.0,,,
573.66274,PRJEB28400,0.0,,,
573.66275,PRJEB28400,0.0,,,
573.66277,PRJEB28400,0.0,,,
573.66279,PRJEB28400,0.0,,,
573.66281,PRJEB28400,0.0,,,
573.66283,Unknown,0.0,,,
573.66284,Unknown,0.0,,,
573.66286,Unknown,0.0,,,
573.66287,Unknown,0.0,,,
573.66289,Unknown,0.0,,,
573.66291,Unknown,1.0,,,
573.66292,Unknown,0.0,,,
573.66295,Unknown,0.0,,,
573.66296,Unknown,0.0,,,
573.66297,Unknown,0.0,,,
573.66298,Unknown,0.0,,,
573.66299,Unknown,0.0,,,
573.66301,Unknown,0.0,,,
573.66302,Unknown,0.0,,,
573.66303,Unknown,0.0,,,
573.66304,Unknown,0.0,,,
573.66305,Unknown,0.0,,,
573.66306,Unknown,0.0,,,
573.66311,Unknown,1.0,,,
573.66312,Unknown,0.0,,,
573.66313,Unknown,1.0,,,
573.66315,Unknown,1.0,,,
573.66321,Unknown,0.0,,,
573.66322,Unknown,0.0,,,
573.66324,Unknown,1.0,,,
573.66325,Unknown,1.0,,,
573.66327,Unknown,0.0,,,
573.66328,Unknown,0.0,,,
573.66329,Unknown,1.0,,,
573.66334,Unknown,1.0,,,
573.66336,Unknown,0.0,,,
573.66337,Unknown,0.0,,,
573.66338,Unknown,0.0,,,
573.66341,Unknown,1.0,,,
573.66342,Unknown,0.0,,,
573.66343,Unknown,0.0,,,
573.66344,Unknown,0.0,,,
573.66345,Unknown,0.0,,,
573.66346,Unknown,1.0,,,
573.66347,Unknown,0.0,,,
573.66348,Unknown,0.0,,,
573.66349,Unknown,1.0,,,
573.66352,Unknown,0.0,,,
573.66353,Unknown,1.0,,,
573.66354,Unknown,1.0,,,
573.66355,Unknown,0.0,,,
573.66356,Unknown,1.0,,,
573.66357,Unknown,1.0,,,
573.66358,Unknown,1.0,,,
573.66359,Unknown,1.0,,,
573.66361,Unknown,0.0,,,
573.66364,Unknown,1.0,,,
573.66365,Unknown,1.0,,,
573.66366,Unknown,1.0,,,
573.66367,Unknown,0.0,,,
573.66368,Unknown,0.0,,,
573.66369,Unknown,0.0,,,
573.66371,Unknown,0.0,,,
573.66372,Unknown,0.0,,,
573.66373,Unknown,1.0,,,
573.66375,Unknown,0.0,,,
573.66376,Unknown,0.0,,,
573.66377,Unknown,1.0,,,
573.66378,Unknown,0.0,,,
573.66383,Unknown,0.0,,,
573.66388,Unknown,0.0,,,
573.66391,Unknown,0.0,,,
573.66393,Unknown,0.0,,,
573.66394,Unknown,0.0,,,
573.66395,Unknown,0.0,,,
573.66396,Unknown,0.0,,,
573.66397,Unknown,1.0,,,
573.66398,Unknown,1.0,,,
573.66399,Unknown,1.0,,,
573.66401,Unknown,0.0,,,
573.66402,PRJEB28400,0.0,,,
573.66403,PRJEB28400,0.0,,,
573.66404,PRJEB28400,1.0,,,
573.66406,PRJEB28400,0.0,,,
573.66407,PRJEB28400,0.0,,,
573.66408,PRJEB28400,0.0,,,
573.66409,PRJEB28400,0.0,,,
573.66411,PRJEB28400,0.0,,,
573.66412,PRJEB28400,0.0,,,
573.66413,PRJEB28400,0.0,,,
573.66414,PRJEB28400,0.0,,,
573.66415,PRJEB28400,0.0,,,
573.66416,PRJEB28400,0.0,,,
573.66417,PRJEB28400,0.0,,,
573.66418,PRJEB28400,0.0,,,
573.66419,PRJEB28400,1.0,,,
573.66423,PRJEB28400,0.0,,,
573.66424,PRJEB28400,0.0,,,
573.66425,PRJEB28400,0.0,,,
573.66426,PRJEB28400,0.0,,,
573.66427,PRJEB28400,0.0,,,
573.66428,PRJEB28400,0.0,,,
573.66429,PRJEB28400,0.0,,,
573.66431,PRJEB28400,0.0,,,
573.66432,PRJEB28400,1.0,,,
573.66433,Unknown,0.0,,,
573.66434,Unknown,0.0,,,
573.66435,Unknown,0.0,,,
573.66436,Unknown,0.0,,,
573.66437,Unknown,1.0,,,
573.66439,Unknown,0.0,,,
573.66441,Unknown,1.0,,,
573.66442,Unknown,0.0,,,
573.66443,Unknown,0.0,,,
573.66444,Unknown,0.0,,,
573.66445,Unknown,0.0,,,
573.66448,Unknown,0.0,,,
573.66449,Unknown,1.0,,,
573.66452,Unknown,0.0,,,
573.66453,Unknown,0.0,,,
573.66454,Unknown,1.0,,,
573.66455,Unknown,0.0,,,
573.66456,Unknown,0.0,,,
573.66457,Unknown,0.0,,,
573.66458,Unknown,0.0,,,
573.66459,Unknown,0.0,,,
573.66461,Unknown,0.0,,,
573.66462,Unknown,0.0,,,
573.66463,Unknown,0.0,,,
573.66464,Unknown,0.0,,,
573.66467,Unknown,0.0,,,
573.66468,Unknown,0.0,,,
573.66469,Unknown,1.0,,,
573.66471,Unknown,0.0,,,
573.66472,Unknown,0.0,,,
573.66473,Unknown,0.0,,,
573.66475,Unknown,0.0,,,
573.66476,Unknown,0.0,,,
573.66479,Unknown,0.0,,,
573.66481,Unknown,0.0,,,
573.66482,Unknown,0.0,,,
573.66484,Unknown,0.0,,,
573.66486,Unknown,0.0,,,
573.66487,Unknown,1.0,,,
573.66488,Unknown,0.0,,,
573.66489,Unknown,0.0,,,
573.66491,Unknown,1.0,,,
573.66492,Unknown,0.0,,,
573.66493,Unknown,1.0,,,
573.66494,Unknown,0.0,,,
573.66495,Unknown,0.0,,,
573.66496,Unknown,0.0,,,
573.66497,Unknown,0.0,,,
573.66498,Unknown,0.0,,,
573.66499,Unknown,0.0,,,
573.66503,Unknown,0.0,,,
573.66504,Unknown,1.0,,,
573.66505,Unknown,0.0,,,
573.66508,Unknown,0.0,,,
573.66509,Unknown,0.0,,,
573.66511,Unknown,0.0,,,
573.66512,Unknown,0.0,,,
573.66513,Unknown,0.0,,,
573.66514,Unknown,0.0,,,
573.66515,Unknown,0.0,,,
573.66516,Unknown,0.0,,,
573.66518,Unknown,0.0,,,
573.66521,Unknown,1.0,,,
573.66522,Unknown,0.0,,,
573.66524,Unknown,0.0,,,
573.66525,Unknown,0.0,,,
573.66526,Unknown,0.0,,,
573.66527,Unknown,1.0,,,
573.66528,Unknown,0.0,,,
573.66529,Unknown,0.0,,,
573.66531,Unknown,0.0,,,
573.66532,Unknown,0.0,,,
573.66534,Unknown,0.0,,,
573.66536,Unknown,0.0,,,
573.66538,Unknown,0.0,,,
573.66539,PRJEB29424,0.0,,,
573.66541,PRJEB28400,0.0,,,
573.66542,PRJEB29424,0.0,,,
573.66543,PRJEB28400,0.0,,,
573.66544,PRJEB28400,0.0,,,
573.66545,PRJEB29424,0.0,,,
573.66546,PRJEB29424,0.0,,,
573.66547,PRJEB29424,0.0,,,
573.66548,PRJEB29424,0.0,,,
573.66549,PRJEB29424,0.0,,,
573.66551,PRJEB29424,0.0,,,
573.66555,PRJEB29424,0.0,,,
573.66557,PRJEB29424,0.0,,,
573.66559,PRJEB29424,0.0,,,
573.66562,PRJEB29424,0.0,,,
573.66563,PRJEB29424,0.0,,,
573.66564,PRJEB29424,0.0,,,
573.66571,PRJEB29424,0.0,,,
573.66584,PRJEB28400,0.0,,,
573.67178,PRJEB24082,,,,1.0
573.67181,PRJEB24082,,,,1.0
573.67182,PRJEB24082,,,,1.0
573.67183,PRJEB24082,1.0,,,1.0
573.67184,PRJEB24082,,,,1.0
573.67185,PRJEB24082,,,,1.0
573.67186,Unknown,,,,1.0
573.67187,Unknown,,,,1.0
573.67188,Unknown,,,,1.0
573.67189,Unknown,,,,1.0
573.67191,Unknown,,,,1.0
573.67192,Unknown,,,,1.0
573.67193,Unknown,0.0,,,1.0
573.67194,Unknown,0.0,,,1.0
573.67195,Unknown,0.0,,,1.0
573.67196,Unknown,,,,1.0
573.67197,Unknown,,,,1.0
573.67198,Unknown,0.0,,,1.0
573.67199,Unknown,0.0,,,1.0
573.67201,Unknown,0.0,,,
573.67202,Unknown,0.0,,,1.0
573.67203,Unknown,,,,1.0
573.67204,Unknown,,,,1.0
573.67205,Unknown,0.0,,,1.0
573.67206,Unknown,0.0,,,1.0
573.67207,Unknown,0.0,,,1.0
573.67208,Unknown,0.0,,,1.0
573.67209,Unknown,,,,1.0
573.67211,Unknown,0.0,,,1.0
573.67212,Unknown,0.0,,,1.0
573.67213,Unknown,,,,1.0
573.67214,Unknown,,,,1.0
573.67215,Unknown,,,,1.0
573.67216,Unknown,,,,1.0
573.67217,Unknown,,,,1.0
573.67218,Unknown,,,,1.0
573.67219,Unknown,,,,1.0
573.67221,Unknown,,,,1.0
573.67222,Unknown,,,,1.0
573.67223,Unknown,,,,1.0
573.67224,Unknown,,,,1.0
573.67225,Unknown,,,,1.0
573.67226,Unknown,,,,1.0
573.67227,Unknown,,,,1.0
573.67228,Unknown,,,,1.0
573.67229,Unknown,,,,1.0
573.67231,Unknown,,,,1.0
573.67232,Unknown,0.0,,,1.0
573.67233,Unknown,,,,1.0
573.67234,Unknown,,,,1.0
573.67235,Unknown,,,,1.0
573.67236,Unknown,,,,1.0
573.67237,Unknown,,,,1.0
573.67238,Unknown,,,,1.0
573.67239,Unknown,,,,1.0
573.67241,Unknown,,,,1.0
573.67242,Unknown,,,,1.0
573.67243,Unknown,,,,1.0
573.67244,Unknown,,,,1.0
573.67245,Unknown,0.0,,,1.0
573.67246,Unknown,,,,1.0
573.67247,Unknown,,,,1.0
573.67248,Unknown,,,,1.0
573.67249,Unknown,,,,1.0
573.67251,Unknown,,,,1.0
573.67252,Unknown,0.0,,,1.0
573.67253,Unknown,,,,1.0
573.67254,Unknown,0.0,,,1.0
573.67255,Unknown,0.0,,,1.0
573.67256,Unknown,,,,1.0
573.67257,Unknown,,,,1.0
573.67258,Unknown,,,,1.0
573.67259,Unknown,0.0,,,1.0
573.67261,Unknown,,,,1.0
573.67262,Unknown,,,,1.0
573.67263,Unknown,,,,1.0
573.67264,Unknown,,,,1.0
573.67265,Unknown,0.0,,,1.0
573.67266,Unknown,,,,1.0
573.67267,Unknown,0.0,,,1.0
573.67268,Unknown,0.0,,,1.0
573.67269,PRJEB24082,,,,1.0
573.67271,PRJEB24082,,,,1.0
573.67272,PRJEB24082,,,,1.0
573.67273,PRJEB24082,0.0,,,1.0
573.67274,PRJEB24082,0.0,,,1.0
573.67275,PRJEB24082,,,,1.0
573.67276,PRJEB24082,0.0,,,1.0
573.67277,PRJEB24082,,,,1.0
573.67278,PRJEB24082,0.0,,,1.0
573.67279,PRJEB24082,0.0,,,1.0
573.67281,PRJEB24082,,,,1.0
573.67282,PRJEB24082,0.0,,,1.0
573.67283,PRJEB24082,0.0,,,1.0
573.67284,PRJEB24082,,,,1.0
573.67285,PRJEB24082,,,,1.0
573.67286,PRJEB24082,0.0,,,1.0
573.67287,PRJEB24082,,,,1.0
573.67288,PRJEB24082,,,,1.0
573.67289,PRJEB24082,0.0,,,
573.67291,Unknown,0.0,,,1.0
573.67292,Unknown,,,,1.0
573.67293,Unknown,,,,1.0
573.67294,Unknown,,,,1.0
573.67295,Unknown,,,,1.0
573.67296,Unknown,,,,1.0
573.67297,Unknown,,,,1.0
573.67298,Unknown,,,,1.0
573.67299,Unknown,,,,1.0
573.67301,Unknown,,,,1.0
573.67302,Unknown,,,,1.0
573.67303,Unknown,,,,1.0
573.67304,Unknown,,,,1.0
573.67305,Unknown,,,,1.0
573.67306,Unknown,,,,1.0
573.67307,Unknown,,,,1.0
573.67308,Unknown,,,,1.0
573.67309,Unknown,,,,1.0
573.67311,Unknown,,,,1.0
573.67312,Unknown,,,,1.0
573.67313,Unknown,,,,1.0
573.67314,Unknown,,,,1.0
573.67315,Unknown,,,,1.0
573.67316,Unknown,,,,1.0
573.67317,Unknown,,,,1.0
573.67318,Unknown,,,,1.0
573.67319,Unknown,0.0,,,1.0
573.67321,Unknown,0.0,,,1.0
573.67322,Unknown,1.0,,,1.0
573.67323,Unknown,0.0,,,1.0
573.67324,Unknown,,,,1.0
573.67325,Unknown,,,,1.0
573.67326,Unknown,,,,1.0
573.67327,Unknown,,,,1.0
573.67328,Unknown,,,,1.0
573.67329,Unknown,,,,1.0
573.67331,Unknown,,,,1.0
573.67332,Unknown,,,,1.0
573.67333,Unknown,0.0,,,1.0
573.67334,Unknown,0.0,,,1.0
573.67335,Unknown,,,,1.0
573.67336,Unknown,,,,1.0
573.67337,Unknown,,,,1.0
573.67338,Unknown,,,,1.0
573.67339,Unknown,0.0,,,1.0
573.67341,Unknown,0.0,,,1.0
573.67674,Unknown,0.0,,,1.0
573.67678,Unknown,0.0,,,1.0
573.7022,Unknown,0.0,1.0,,1.0
573.7023,Unknown,0.0,1.0,,1.0
573.7024,Unknown,0.0,1.0,,1.0
573.7025,Unknown,0.0,1.0,,1.0
573.7026,Unknown,0.0,1.0,,1.0
573.7027,Unknown,0.0,1.0,,1.0
573.7028,Unknown,0.0,1.0,,1.0
573.7029,Unknown,,1.0,,1.0
573.7031,Unknown,1.0,1.0,,1.0
573.7032,Unknown,1.0,1.0,,1.0
573.7033,Unknown,0.0,1.0,,1.0
573.7096,Unknown,0.0,0.0,,0.0
573.7362,Unknown,1.0,1.0,,1.0
573.9721,PRJNA292902,0.0,1.0,,1.0
573.9722,PRJNA292904,1.0,1.0,,1.0
573.9723,PRJNA292902,0.0,1.0,,1.0
573.9724,PRJNA292904,,1.0,,1.0
574.26,PRJNA296771,1.0,1.0,,
574.27,PRJNA292904,1.0,1.0,,1.0
72407.2889,Unknown,1.0,1.0,,1.0
72407.2891,Unknown,0.0,1.0,,1.0
72407.2892,Unknown,1.0,1.0,,1.0
72407.2893,Unknown,1.0,1.0,,1.0
72407.2894,Unknown,0.0,1.0,,1.0
72407.2895,Unknown,0.0,1.0,,1.0
72407.2896,Unknown,0.0,1.0,,1.0
72407.2897,Unknown,0.0,1.0,,1.0
72407.2898,Unknown,1.0,1.0,,1.0
72407.2899,Unknown,0.0,1.0,,1.0
72407.477,Unknown,0.0,1.0,,
72407.478,Unknown,0.0,1.0,,1.0
72407.479,Unknown,0.0,1.0,,0.0
72407.481,Unknown,0.0,1.0,,1.0
72407.482,PRJEB6574,0.0,1.0,,
72407.483,PRJEB6574,0.0,1.0,,1.0
72407.484,PRJEB6574,1.0,1.0,,1.0
72407.485,PRJEB6574,1.0,1.0,,1.0
72407.486,PRJEB6574,1.0,1.0,,1.0
72407.487,PRJEB6574,1.0,1.0,,1.0
72407.488,PRJEB6574,1.0,1.0,,0.0
72407.489,PRJEB6574,0.0,1.0,,1.0
72407.491,PRJEB6574,1.0,1.0,,1.0
72407.492,PRJEB6574,1.0,1.0,,1.0
72407.493,PRJEB6574,1.0,1.0,,1.0
72407.494,PRJEB6574,1.0,1.0,,1.0
72407.495,PRJEB6574,0.0,1.0,,
72407.496,PRJEB6574,0.0,1.0,,0.0
72407.497,PRJEB6574,1.0,1.0,,1.0
72407.498,PRJEB6574,1.0,1.0,,1.0
72407.499,PRJEB6574,0.0,1.0,,1.0
72407.501,PRJEB6574,0.0,0.0,,1.0
72407.502,PRJEB6574,0.0,1.0,,
72407.503,PRJEB6574,1.0,1.0,,1.0
72407.504,PRJEB6574,1.0,1.0,,1.0
72407.505,PRJEB6574,1.0,1.0,,0.0
72407.506,PRJEB6574,1.0,1.0,,1.0
72407.507,PRJEB6574,0.0,1.0,,1.0
72407.508,PRJEB6574,1.0,1.0,,1.0
72407.509,Unknown,1.0,1.0,,1.0
72407.511,Unknown,1.0,1.0,,1.0
72407.512,Unknown,0.0,1.0,,
72407.513,Unknown,0.0,1.0,,1.0
72407.514,Unknown,1.0,1.0,,1.0
72407.515,Unknown,0.0,1.0,,1.0
72407.516,Unknown,0.0,1.0,,
72407.517,Unknown,0.0,1.0,,0.0
72407.518,Unknown,0.0,1.0,,
72407.519,Unknown,1.0,1.0,,
72407.521,Unknown,1.0,1.0,,1.0
72407.522,Unknown,0.0,1.0,,0.0
72407.523,Unknown,0.0,1.0,,0.0
72407.524,Unknown,1.0,1.0,,1.0
72407.525,Unknown,0.0,1.0,,
72407.526,Unknown,0.0,1.0,,
72407.527,Unknown,0.0,1.0,,1.0
72407.528,Unknown,0.0,1.0,,1.0
72407.529,Unknown,0.0,1.0,,0.0
72407.531,Unknown,1.0,1.0,,1.0
72407.532,Unknown,1.0,1.0,,1.0
72407.533,Unknown,1.0,1.0,,1.0
72407.534,Unknown,0.0,1.0,,1.0
72407.535,Unknown,0.0,1.0,,0.0
72407.536,Unknown,0.0,1.0,,1.0
72407.537,Unknown,0.0,1.0,,1.0
72407.538,Unknown,1.0,1.0,,1.0
72407.539,Unknown,1.0,1.0,,1.0
72407.541,Unknown,1.0,1.0,,1.0
72407.542,Unknown,0.0,1.0,,0.0
72407.543,Unknown,1.0,1.0,,1.0
72407.544,Unknown,1.0,1.0,,1.0
72407.545,Unknown,1.0,1.0,,1.0
72407.546,Unknown,0.0,1.0,,0.0
72407.547,Unknown,0.0,1.0,,0.0
72407.548,Unknown,0.0,1.0,,1.0
72407.549,Unknown,1.0,1.0,,1.0
72407.551,Unknown,1.0,1.0,,1.0
72407.552,Unknown,0.0,1.0,,0.0
72407.553,Unknown,0.0,1.0,,1.0
72407.554,Unknown,0.0,1.0,,1.0
72407.555,Unknown,1.0,1.0,,1.0
72407.556,Unknown,0.0,1.0,,1.0
72407.557,Unknown,1.0,1.0,,
72407.558,Unknown,1.0,1.0,,1.0
72407.559,Unknown,1.0,1.0,,1.0
72407.561,Unknown,1.0,1.0,,1.0
72407.562,Unknown,0.0,1.0,,0.0
72407.563,Unknown,0.0,1.0,,
72407.564,Unknown,0.0,1.0,,0.0
72407.565,Unknown,1.0,1.0,,1.0
72407.566,Unknown,1.0,1.0,,1.0
72407.567,Unknown,0.0,1.0,,0.0
72407.568,Unknown,0.0,1.0,,1.0
72407.569,Unknown,1.0,1.0,,1.0
72407.571,Unknown,1.0,1.0,,1.0
72407.572,Unknown,0.0,1.0,,1.0
72407.573,Unknown,0.0,1.0,,1.0
72407.574,Unknown,1.0,1.0,,1.0
72407.575,Unknown,1.0,1.0,,1.0
72407.576,Unknown,1.0,1.0,,1.0
72407.577,Unknown,1.0,1.0,,1.0
72407.578,Unknown,0.0,1.0,,1.0
72407.579,Unknown,1.0,1.0,,1.0
72407.581,Unknown,1.0,1.0,,1.0
72407.582,Unknown,0.0,1.0,,
72407.583,Unknown,0.0,1.0,,
72407.584,Unknown,0.0,1.0,,0.0
72407.585,Unknown,0.0,1.0,,1.0
72407.586,Unknown,1.0,1.0,,1.0
72407.587,Unknown,0.0,1.0,,1.0
72407.588,Unknown,0.0,1.0,,
72407.589,Unknown,1.0,1.0,,1.0
72407.591,Unknown,1.0,1.0,,1.0
72407.592,Unknown,1.0,1.0,,1.0
72407.593,PRJEB6574,0.0,1.0,,1.0
72407.594,PRJEB6574,0.0,0.0,,0.0
72407.595,PRJEB6574,0.0,1.0,,0.0
72407.596,PRJEB6574,1.0,1.0,,
72407.597,PRJEB6574,0.0,1.0,,
72407.693,PRJNA397262,1.0,1.0,,1.0
72407.698,PRJEB6574,1.0,1.0,,
